[{"model": "auth.permission", "pk": 1, "fields": {"name": "Can add log entry", "content_type": 1, "codename": "add_logentry"}}, {"model": "auth.permission", "pk": 2, "fields": {"name": "Can change log entry", "content_type": 1, "codename": "change_logentry"}}, {"model": "auth.permission", "pk": 3, "fields": {"name": "Can delete log entry", "content_type": 1, "codename": "delete_logentry"}}, {"model": "auth.permission", "pk": 4, "fields": {"name": "Can view log entry", "content_type": 1, "codename": "view_logentry"}}, {"model": "auth.permission", "pk": 5, "fields": {"name": "Can add permission", "content_type": 2, "codename": "add_permission"}}, {"model": "auth.permission", "pk": 6, "fields": {"name": "Can change permission", "content_type": 2, "codename": "change_permission"}}, {"model": "auth.permission", "pk": 7, "fields": {"name": "Can delete permission", "content_type": 2, "codename": "delete_permission"}}, {"model": "auth.permission", "pk": 8, "fields": {"name": "Can view permission", "content_type": 2, "codename": "view_permission"}}, {"model": "auth.permission", "pk": 9, "fields": {"name": "Can add group", "content_type": 3, "codename": "add_group"}}, {"model": "auth.permission", "pk": 10, "fields": {"name": "Can change group", "content_type": 3, "codename": "change_group"}}, {"model": "auth.permission", "pk": 11, "fields": {"name": "Can delete group", "content_type": 3, "codename": "delete_group"}}, {"model": "auth.permission", "pk": 12, "fields": {"name": "Can view group", "content_type": 3, "codename": "view_group"}}, {"model": "auth.permission", "pk": 13, "fields": {"name": "Can add user", "content_type": 4, "codename": "add_user"}}, {"model": "auth.permission", "pk": 14, "fields": {"name": "Can change user", "content_type": 4, "codename": "change_user"}}, {"model": "auth.permission", "pk": 15, "fields": {"name": "Can delete user", "content_type": 4, "codename": "delete_user"}}, {"model": "auth.permission", "pk": 16, "fields": {"name": "Can view user", "content_type": 4, "codename": "view_user"}}, {"model": "auth.permission", "pk": 17, "fields": {"name": "Can add content type", "content_type": 5, "codename": "add_contenttype"}}, {"model": "auth.permission", "pk": 18, "fields": {"name": "Can change content type", "content_type": 5, "codename": "change_contenttype"}}, {"model": "auth.permission", "pk": 19, "fields": {"name": "Can delete content type", "content_type": 5, "codename": "delete_contenttype"}}, {"model": "auth.permission", "pk": 20, "fields": {"name": "Can view content type", "content_type": 5, "codename": "view_contenttype"}}, {"model": "auth.permission", "pk": 21, "fields": {"name": "Can add session", "content_type": 6, "codename": "add_session"}}, {"model": "auth.permission", "pk": 22, "fields": {"name": "Can change session", "content_type": 6, "codename": "change_session"}}, {"model": "auth.permission", "pk": 23, "fields": {"name": "Can delete session", "content_type": 6, "codename": "delete_session"}}, {"model": "auth.permission", "pk": 24, "fields": {"name": "Can view session", "content_type": 6, "codename": "view_session"}}, {"model": "auth.permission", "pk": 25, "fields": {"name": "Can add carros", "content_type": 7, "codename": "add_carros"}}, {"model": "auth.permission", "pk": 26, "fields": {"name": "Can change carros", "content_type": 7, "codename": "change_carros"}}, {"model": "auth.permission", "pk": 27, "fields": {"name": "Can delete carros", "content_type": 7, "codename": "delete_carros"}}, {"model": "auth.permission", "pk": 28, "fields": {"name": "Can view carros", "content_type": 7, "codename": "view_carros"}}, {"model": "auth.permission", "pk": 29, "fields": {"name": "Can add cidades", "content_type": 8, "codename": "add_cidades"}}, {"model": "auth.permission", "pk": 30, "fields": {"name": "Can change cidades", "content_type": 8, "codename": "change_cidades"}}, {"model": "auth.permission", "pk": 31, "fields": {"name": "Can delete cidades", "content_type": 8, "codename": "delete_cidades"}}, {"model": "auth.permission", "pk": 32, "fields": {"name": "Can view cidades", "content_type": 8, "codename": "view_cidades"}}, {"model": "auth.permission", "pk": 33, "fields": {"name": "Can add pagamentos", "content_type": 9, "codename": "add_pagamentos"}}, {"model": "auth.permission", "pk": 34, "fields": {"name": "Can change pagamentos", "content_type": 9, "codename": "change_pagamentos"}}, {"model": "auth.permission", "pk": 35, "fields": {"name": "Can delete pagamentos", "content_type": 9, "codename": "delete_pagamentos"}}, {"model": "auth.permission", "pk": 36, "fields": {"name": "Can view pagamentos", "content_type": 9, "codename": "view_pagamentos"}}, {"model": "auth.permission", "pk": 37, "fields": {"name": "Can add tipos", "content_type": 10, "codename": "add_tipos"}}, {"model": "auth.permission", "pk": 38, "fields": {"name": "Can change tipos", "content_type": 10, "codename": "change_tipos"}}, {"model": "auth.permission", "pk": 39, "fields": {"name": "Can delete tipos", "content_type": 10, "codename": "delete_tipos"}}, {"model": "auth.permission", "pk": 40, "fields": {"name": "Can view tipos", "content_type": 10, "codename": "view_tipos"}}, {"model": "auth.permission", "pk": 41, "fields": {"name": "Can add usuario", "content_type": 11, "codename": "add_usuario"}}, {"model": "auth.permission", "pk": 42, "fields": {"name": "Can change usuario", "content_type": 11, "codename": "change_usuario"}}, {"model": "auth.permission", "pk": 43, "fields": {"name": "Can delete usuario", "content_type": 11, "codename": "delete_usuario"}}, {"model": "auth.permission", "pk": 44, "fields": {"name": "Can view usuario", "content_type": 11, "codename": "view_usuario"}}, {"model": "auth.permission", "pk": 45, "fields": {"name": "Can add nome viagem", "content_type": 12, "codename": "add_nomeviagem"}}, {"model": "auth.permission", "pk": 46, "fields": {"name": "Can change nome viagem", "content_type": 12, "codename": "change_nomeviagem"}}, {"model": "auth.permission", "pk": 47, "fields": {"name": "Can delete nome viagem", "content_type": 12, "codename": "delete_nomeviagem"}}, {"model": "auth.permission", "pk": 48, "fields": {"name": "Can view nome viagem", "content_type": 12, "codename": "view_nomeviagem"}}, {"model": "auth.permission", "pk": 49, "fields": {"name": "Can add despesas", "content_type": 13, "codename": "add_despesas"}}, {"model": "auth.permission", "pk": 50, "fields": {"name": "Can change despesas", "content_type": 13, "codename": "change_despesas"}}, {"model": "auth.permission", "pk": 51, "fields": {"name": "Can delete despesas", "content_type": 13, "codename": "delete_despesas"}}, {"model": "auth.permission", "pk": 52, "fields": {"name": "Can view despesas", "content_type": 13, "codename": "view_despesas"}}, {"model": "contenttypes.contenttype", "pk": 1, "fields": {"app_label": "admin", "model": "logentry"}}, {"model": "contenttypes.contenttype", "pk": 2, "fields": {"app_label": "auth", "model": "permission"}}, {"model": "contenttypes.contenttype", "pk": 3, "fields": {"app_label": "auth", "model": "group"}}, {"model": "contenttypes.contenttype", "pk": 4, "fields": {"app_label": "auth", "model": "user"}}, {"model": "contenttypes.contenttype", "pk": 5, "fields": {"app_label": "contenttypes", "model": "contenttype"}}, {"model": "contenttypes.contenttype", "pk": 6, "fields": {"app_label": "sessions", "model": "session"}}, {"model": "contenttypes.contenttype", "pk": 7, "fields": {"app_label": "viagem", "model": "carros"}}, {"model": "contenttypes.contenttype", "pk": 8, "fields": {"app_label": "viagem", "model": "cidades"}}, {"model": "contenttypes.contenttype", "pk": 9, "fields": {"app_label": "viagem", "model": "pagamentos"}}, {"model": "contenttypes.contenttype", "pk": 10, "fields": {"app_label": "viagem", "model": "tipos"}}, {"model": "contenttypes.contenttype", "pk": 11, "fields": {"app_label": "viagem", "model": "usuario"}}, {"model": "contenttypes.contenttype", "pk": 12, "fields": {"app_label": "viagem", "model": "nomeviagem"}}, {"model": "contenttypes.contenttype", "pk": 13, "fields": {"app_label": "viagem", "model": "despesas"}}, {"model": "viagem.carros", "pk": 1, "fields": {"placa": "RRT3E35", "modelo": "Saveiro"}}, {"model": "viagem.cidades", "pk": 1, "fields": {"nome": "Nenhuma", "estado": "SM"}}, {"model": "viagem.cidades", "pk": 2, "fields": {"nome": "Cuiabá", "estado": "MT"}}, {"model": "viagem.cidades", "pk": 3, "fields": {"nome": "Primavera Do Leste", "estado": "MT"}}, {"model": "viagem.cidades", "pk": 4, "fields": {"nome": "Rondonópolis", "estado": "MT"}}, {"model": "viagem.cidades", "pk": 5, "fields": {"nome": "Tangará Da Serra", "estado": "MT"}}, {"model": "viagem.cidades", "pk": 6, "fields": {"nome": "Coxim", "estado": "MS"}}, {"model": "viagem.cidades", "pk": 7, "fields": {"nome": "Diamantino", "estado": "MT"}}, {"model": "viagem.cidades", "pk": 8, "fields": {"nome": "Nova Mutum", "estado": "MT"}}, {"model": "viagem.cidades", "pk": 9, "fields": {"nome": "Cáceres", "estado": "MT"}}, {"model": "viagem.cidades", "pk": 10, "fields": {"nome": "Paranatinga", "estado": "MT"}}, {"model": "viagem.cidades", "pk": 11, "fields": {"nome": "São José Do Rio Claro", "estado": "MT"}}, {"model": "viagem.cidades", "pk": 12, "fields": {"nome": "Barra Do Bugres", "estado": "MT"}}, {"model": "viagem.cidades", "pk": 13, "fields": {"nome": "Brasnorte", "estado": "MT"}}, {"model": "viagem.cidades", "pk": 14, "fields": {"nome": "Jaciara", "estado": "MT"}}, {"model": "viagem.cidades", "pk": 15, "fields": {"nome": "Campo Verde", "estado": "MT"}}, {"model": "viagem.cidades", "pk": 16, "fields": {"nome": "Alto Araguaia", "estado": "MT"}}, {"model": "viagem.cidades", "pk": 17, "fields": {"nome": "Alto Garça", "estado": "MT"}}, {"model": "viagem.cidades", "pk": 18, "fields": {"nome": "Nobres", "estado": "MT"}}, {"model": "viagem.cidades", "pk": 19, "fields": {"nome": "Jangada", "estado": "MT"}}, {"model": "viagem.cidades", "pk": 20, "fields": {"nome": "Sonora", "estado": "MS"}}, {"model": "viagem.cidades", "pk": 21, "fields": {"nome": "Jaraguari", "estado": "MS"}}, {"model": "viagem.cidades", "pk": 22, "fields": {"nome": "São Gabriel Do Oeste", "estado": "MS"}}, {"model": "viagem.cidades", "pk": 23, "fields": {"nome": "Itiquira", "estado": "MT"}}, {"model": "viagem.cidades", "pk": 24, "fields": {"nome": "Arenápolis", "estado": "MT"}}, {"model": "viagem.pagamentos", "pk": 1, "fields": {"forma": "Cartão"}}, {"model": "viagem.pagamentos", "pk": 2, "fields": {"forma": "Funcionário"}}, {"model": "viagem.pagamentos", "pk": 3, "fields": {"forma": "Acampo Requisição"}}, {"model": "viagem.pagamentos", "pk": 4, "fields": {"forma": "Acampo Financeiro"}}, {"model": "viagem.tipos", "pk": 1, "fields": {"tipo": "Alimentação"}}, {"model": "viagem.tipos", "pk": 2, "fields": {"tipo": "Hospedagem"}}, {"model": "viagem.tipos", "pk": 3, "fields": {"tipo": "Pedágio"}}, {"model": "viagem.tipos", "pk": 4, "fields": {"tipo": "Diverso"}}, {"model": "viagem.tipos", "pk": 5, "fields": {"tipo": "Combustível"}}, {"model": "viagem.tipos", "pk": 6, "fields": {"tipo": "Manutenção"}}, {"model": "viagem.tipos", "pk": 7, "fields": {"tipo": "Adiantamento"}}, {"model": "viagem.tipos", "pk": 8, "fields": {"tipo": "Saque"}}, {"model": "viagem.usuario", "pk": 1, "fields": {"usuario": "Edmir Carvalho Filho", "login": "edinho", "senha": "12345", "email": "edmirc@gmail.com"}}, {"model": "viagem.nomeviagem", "pk": 1, "fields": {"nome": "Dezembro 2023", "datainicio": "2023-11-24", "datafinal": "2023-12-24", "idcarro": 1, "kminicial": 34269, "kmfinal": 40800, "usuario": 1, "atividade": false}}, {"model": "viagem.nomeviagem", "pk": 2, "fields": {"nome": "Janeiro 2024", "datainicio": "2023-12-24", "datafinal": "2023-01-24", "idcarro": 1, "kminicial": 40800, "kmfinal": 43729, "usuario": 1, "atividade": false}}, {"model": "viagem.nomeviagem", "pk": 3, "fields": {"nome": "Fevereiro 2024", "datainicio": "2024-01-30", "datafinal": "2024-02-24", "idcarro": 1, "kminicial": 44497, "kmfinal": 52142, "usuario": 1, "atividade": false}}, {"model": "viagem.nomeviagem", "pk": 4, "fields": {"nome": "Março 2024", "datainicio": "2024-02-26", "datafinal": "2024-03-24", "idcarro": 1, "kminicial": 52142, "kmfinal": 0, "usuario": 1, "atividade": true}}, {"model": "viagem.despesas", "pk": 1, "fields": {"idnomeviagem": 1, "data": "2023-11-27", "idtipo": 1, "qnt": "1.00", "valor": "64.75", "nota": 721097, "kminicial": 0, "kmfinal": 0, "kmrodado": 0, "media": "0.00", "idcidade": 1, "idpagamento": 1, "imagemnota": "nada"}}, {"model": "viagem.despesas", "pk": 2, "fields": {"idnomeviagem": 1, "data": "2023-11-27", "idtipo": 4, "qnt": "0.00", "valor": "13.00", "nota": 227552, "kminicial": 0, "kmfinal": 0, "kmrodado": 0, "media": "0.00", "idcidade": 1, "idpagamento": 1, "imagemnota": "nada"}}, {"model": "viagem.despesas", "pk": 3, "fields": {"idnomeviagem": 1, "data": "2023-11-27", "idtipo": 4, "qnt": "0.00", "valor": "8.00", "nota": 11013, "kminicial": 0, "kmfinal": 0, "kmrodado": 0, "media": "0.00", "idcidade": 1, "idpagamento": 1, "imagemnota": "nada"}}, {"model": "viagem.despesas", "pk": 4, "fields": {"idnomeviagem": 1, "data": "2023-11-27", "idtipo": 7, "qnt": "0.00", "valor": "1800.00", "nota": 362315, "kminicial": 0, "kmfinal": 0, "kmrodado": 0, "media": "0.00", "idcidade": 1, "idpagamento": 4, "imagemnota": "nada"}}, {"model": "viagem.despesas", "pk": 5, "fields": {"idnomeviagem": 1, "data": "2023-11-28", "idtipo": 1, "qnt": "1.00", "valor": "53.78", "nota": 81324, "kminicial": 0, "kmfinal": 0, "kmrodado": 0, "media": "0.00", "idcidade": 1, "idpagamento": 1, "imagemnota": "nada"}}, {"model": "viagem.despesas", "pk": 6, "fields": {"idnomeviagem": 1, "data": "2023-11-28", "idtipo": 2, "qnt": "1.00", "valor": "220.50", "nota": 67713, "kminicial": 0, "kmfinal": 0, "kmrodado": 0, "media": "0.00", "idcidade": 1, "idpagamento": 1, "imagemnota": "nada"}}, {"model": "viagem.despesas", "pk": 7, "fields": {"idnomeviagem": 1, "data": "2023-11-28", "idtipo": 4, "qnt": "0.00", "valor": "12.00", "nota": 47324, "kminicial": 0, "kmfinal": 0, "kmrodado": 0, "media": "0.00", "idcidade": 1, "idpagamento": 1, "imagemnota": "nada"}}, {"model": "viagem.despesas", "pk": 8, "fields": {"idnomeviagem": 1, "data": "2023-11-28", "idtipo": 4, "qnt": "0.00", "valor": "9.00", "nota": 460612, "kminicial": 0, "kmfinal": 0, "kmrodado": 0, "media": "0.00", "idcidade": 1, "idpagamento": 1, "imagemnota": "nada"}}, {"model": "viagem.despesas", "pk": 9, "fields": {"idnomeviagem": 1, "data": "2023-11-28", "idtipo": 5, "qnt": "45.27", "valor": "257.59", "nota": 460610, "kminicial": 34269, "kmfinal": 34679, "kmrodado": 410, "media": "9.06", "idcidade": 2, "idpagamento": 1, "imagemnota": "nada"}}, {"model": "viagem.despesas", "pk": 10, "fields": {"idnomeviagem": 1, "data": "2023-11-29", "idtipo": 1, "qnt": "1.00", "valor": "15.50", "nota": 307411, "kminicial": 0, "kmfinal": 0, "kmrodado": 0, "media": "0.00", "idcidade": 1, "idpagamento": 1, "imagemnota": "nada"}}, {"model": "viagem.despesas", "pk": 11, "fields": {"idnomeviagem": 1, "data": "2023-11-29", "idtipo": 1, "qnt": "1.00", "valor": "78.75", "nota": 571146, "kminicial": 0, "kmfinal": 0, "kmrodado": 0, "media": "0.00", "idcidade": 1, "idpagamento": 1, "imagemnota": "nada"}}, {"model": "viagem.despesas", "pk": 12, "fields": {"idnomeviagem": 1, "data": "2023-11-29", "idtipo": 2, "qnt": "1.00", "valor": "235.00", "nota": 20487, "kminicial": 0, "kmfinal": 0, "kmrodado": 0, "media": "0.00", "idcidade": 1, "idpagamento": 1, "imagemnota": "nada"}}, {"model": "viagem.despesas", "pk": 13, "fields": {"idnomeviagem": 1, "data": "2023-11-29", "idtipo": 4, "qnt": "0.00", "valor": "16.00", "nota": 1494, "kminicial": 0, "kmfinal": 0, "kmrodado": 0, "media": "0.00", "idcidade": 1, "idpagamento": 1, "imagemnota": "nada"}}, {"model": "viagem.despesas", "pk": 14, "fields": {"idnomeviagem": 1, "data": "2023-11-29", "idtipo": 4, "qnt": "0.00", "valor": "11.00", "nota": 162618, "kminicial": 0, "kmfinal": 0, "kmrodado": 0, "media": "0.00", "idcidade": 1, "idpagamento": 1, "imagemnota": "nada"}}, {"model": "viagem.despesas", "pk": 15, "fields": {"idnomeviagem": 1, "data": "2023-11-29", "idtipo": 5, "qnt": "36.71", "valor": "214.02", "nota": 1205017, "kminicial": 34679, "kmfinal": 35087, "kmrodado": 408, "media": "11.11", "idcidade": 4, "idpagamento": 1, "imagemnota": "nada"}}, {"model": "viagem.despesas", "pk": 16, "fields": {"idnomeviagem": 1, "data": "2023-11-30", "idtipo": 1, "qnt": "1.00", "valor": "21.50", "nota": 307557, "kminicial": 0, "kmfinal": 0, "kmrodado": 0, "media": "0.00", "idcidade": 1, "idpagamento": 1, "imagemnota": "nada"}}, {"model": "viagem.despesas", "pk": 18, "fields": {"idnomeviagem": 1, "data": "2023-11-30", "idtipo": 1, "qnt": "1.00", "valor": "30.00", "nota": 1362, "kminicial": 0, "kmfinal": 0, "kmrodado": 0, "media": "0.00", "idcidade": 1, "idpagamento": 1, "imagemnota": "nada"}}, {"model": "viagem.despesas", "pk": 19, "fields": {"idnomeviagem": 1, "data": "2023-11-30", "idtipo": 2, "qnt": "1.00", "valor": "158.00", "nota": 385, "kminicial": 0, "kmfinal": 0, "kmrodado": 0, "media": "0.00", "idcidade": 1, "idpagamento": 1, "imagemnota": "nada"}}, {"model": "viagem.despesas", "pk": 20, "fields": {"idnomeviagem": 1, "data": "2023-11-30", "idtipo": 5, "qnt": "20.96", "valor": "120.94", "nota": 884971, "kminicial": 35087, "kmfinal": 35315, "kmrodado": 228, "media": "10.88", "idcidade": 6, "idpagamento": 1, "imagemnota": "nada"}}, {"model": "viagem.despesas", "pk": 21, "fields": {"idnomeviagem": 1, "data": "2023-12-01", "idtipo": 1, "qnt": "1.00", "valor": "52.20", "nota": 615375, "kminicial": 0, "kmfinal": 0, "kmrodado": 0, "media": "0.00", "idcidade": 1, "idpagamento": 1, "imagemnota": "nada"}}, {"model": "viagem.despesas", "pk": 22, "fields": {"idnomeviagem": 1, "data": "2023-12-01", "idtipo": 2, "qnt": "1.00", "valor": "170.00", "nota": 54890, "kminicial": 0, "kmfinal": 0, "kmrodado": 0, "media": "0.00", "idcidade": 1, "idpagamento": 1, "imagemnota": "nada"}}, {"model": "viagem.despesas", "pk": 23, "fields": {"idnomeviagem": 1, "data": "2023-12-01", "idtipo": 5, "qnt": "40.14", "valor": "234.02", "nota": 1206002, "kminicial": 35315, "kmfinal": 35727, "kmrodado": 412, "media": "10.26", "idcidade": 4, "idpagamento": 2, "imagemnota": "nada"}}, {"model": "viagem.despesas", "pk": 24, "fields": {"idnomeviagem": 1, "data": "2023-12-04", "idtipo": 1, "qnt": "1.00", "valor": "41.00", "nota": 738, "kminicial": 0, "kmfinal": 0, "kmrodado": 0, "media": "0.00", "idcidade": 1, "idpagamento": 2, "imagemnota": "nada"}}, {"model": "viagem.despesas", "pk": 25, "fields": {"idnomeviagem": 1, "data": "2023-12-04", "idtipo": 1, "qnt": "1.00", "valor": "39.00", "nota": 4234, "kminicial": 0, "kmfinal": 0, "kmrodado": 0, "media": "0.00", "idcidade": 1, "idpagamento": 1, "imagemnota": "nada"}}, {"model": "viagem.despesas", "pk": 26, "fields": {"idnomeviagem": 1, "data": "2023-12-04", "idtipo": 5, "qnt": "45.00", "valor": "265.00", "nota": 33408, "kminicial": 35727, "kmfinal": 36173, "kmrodado": 446, "media": "9.00", "idcidade": 5, "idpagamento": 3, "imagemnota": "nada"}}, {"model": "viagem.despesas", "pk": 27, "fields": {"idnomeviagem": 1, "data": "2023-12-06", "idtipo": 5, "qnt": "37.50", "valor": "220.88", "nota": 90916, "kminicial": 36173, "kmfinal": 36543, "kmrodado": 370, "media": "9.87", "idcidade": 5, "idpagamento": 1, "imagemnota": "nada"}}, {"model": "viagem.despesas", "pk": 28, "fields": {"idnomeviagem": 1, "data": "2023-12-05", "idtipo": 1, "qnt": "1.00", "valor": "41.00", "nota": 8187, "kminicial": 0, "kmfinal": 0, "kmrodado": 0, "media": "0.00", "idcidade": 1, "idpagamento": 1, "imagemnota": "nada"}}, {"model": "viagem.despesas", "pk": 29, "fields": {"idnomeviagem": 1, "data": "2023-12-07", "idtipo": 1, "qnt": "1.00", "valor": "37.85", "nota": 51612, "kminicial": 0, "kmfinal": 0, "kmrodado": 0, "media": "0.00", "idcidade": 1, "idpagamento": 1, "imagemnota": "nada"}}, {"model": "viagem.despesas", "pk": 30, "fields": {"idnomeviagem": 1, "data": "2023-12-07", "idtipo": 4, "qnt": "0.00", "valor": "8.00", "nota": 468695, "kminicial": 0, "kmfinal": 0, "kmrodado": 0, "media": "0.00", "idcidade": 1, "idpagamento": 1, "imagemnota": "nada"}}, {"model": "viagem.despesas", "pk": 31, "fields": {"idnomeviagem": 1, "data": "2023-12-07", "idtipo": 5, "qnt": "31.89", "valor": "183.05", "nota": 4686951, "kminicial": 36543, "kmfinal": 36868, "kmrodado": 325, "media": "10.19", "idcidade": 7, "idpagamento": 1, "imagemnota": "nada"}}, {"model": "viagem.despesas", "pk": 32, "fields": {"idnomeviagem": 1, "data": "2023-12-07", "idtipo": 5, "qnt": "21.49", "valor": "130.87", "nota": 258953, "kminicial": 36868, "kmfinal": 37079, "kmrodado": 211, "media": "9.82", "idcidade": 8, "idpagamento": 1, "imagemnota": "nada"}}, {"model": "viagem.despesas", "pk": 33, "fields": {"idnomeviagem": 1, "data": "2023-12-12", "idtipo": 1, "qnt": "1.00", "valor": "34.00", "nota": 1126314, "kminicial": 0, "kmfinal": 0, "kmrodado": 0, "media": "0.00", "idcidade": 1, "idpagamento": 1, "imagemnota": "nada"}}, {"model": "viagem.despesas", "pk": 34, "fields": {"idnomeviagem": 1, "data": "2023-12-12", "idtipo": 1, "qnt": "1.00", "valor": "27.00", "nota": 384926, "kminicial": 0, "kmfinal": 0, "kmrodado": 0, "media": "0.00", "idcidade": 1, "idpagamento": 1, "imagemnota": "nada"}}, {"model": "viagem.despesas", "pk": 35, "fields": {"idnomeviagem": 1, "data": "2023-12-12", "idtipo": 4, "qnt": "0.00", "valor": "12.00", "nota": 3039644, "kminicial": 0, "kmfinal": 0, "kmrodado": 0, "media": "0.00", "idcidade": 1, "idpagamento": 1, "imagemnota": "nada"}}, {"model": "viagem.despesas", "pk": 36, "fields": {"idnomeviagem": 1, "data": "2023-12-12", "idtipo": 4, "qnt": "0.00", "valor": "9.00", "nota": 994256, "kminicial": 0, "kmfinal": 0, "kmrodado": 0, "media": "0.00", "idcidade": 1, "idpagamento": 1, "imagemnota": "nada"}}, {"model": "viagem.despesas", "pk": 37, "fields": {"idnomeviagem": 1, "data": "2023-12-12", "idtipo": 5, "qnt": "33.00", "valor": "194.00", "nota": 119915, "kminicial": 37079, "kmfinal": 37415, "kmrodado": 336, "media": "10.18", "idcidade": 5, "idpagamento": 1, "imagemnota": "nada"}}, {"model": "viagem.despesas", "pk": 38, "fields": {"idnomeviagem": 1, "data": "2023-12-12", "idtipo": 5, "qnt": "29.70", "valor": "174.93", "nota": 384925, "kminicial": 37415, "kmfinal": 37631, "kmrodado": 216, "media": "7.27", "idcidade": 9, "idpagamento": 1, "imagemnota": "nada"}}, {"model": "viagem.despesas", "pk": 39, "fields": {"idnomeviagem": 1, "data": "2023-12-13", "idtipo": 1, "qnt": "1.00", "valor": "19.50", "nota": 165103, "kminicial": 0, "kmfinal": 0, "kmrodado": 0, "media": "0.00", "idcidade": 1, "idpagamento": 1, "imagemnota": "nada"}}, {"model": "viagem.despesas", "pk": 40, "fields": {"idnomeviagem": 1, "data": "2023-12-13", "idtipo": 1, "qnt": "1.00", "valor": "43.57", "nota": 164990, "kminicial": 0, "kmfinal": 0, "kmrodado": 0, "media": "0.00", "idcidade": 1, "idpagamento": 1, "imagemnota": "nada"}}, {"model": "viagem.despesas", "pk": 41, "fields": {"idnomeviagem": 1, "data": "2023-12-13", "idtipo": 2, "qnt": "1.00", "valor": "220.50", "nota": 68052, "kminicial": 0, "kmfinal": 0, "kmrodado": 0, "media": "0.00", "idcidade": 1, "idpagamento": 1, "imagemnota": "nada"}}, {"model": "viagem.despesas", "pk": 42, "fields": {"idnomeviagem": 1, "data": "2023-12-13", "idtipo": 4, "qnt": "0.00", "valor": "12.00", "nota": 47511, "kminicial": 0, "kmfinal": 0, "kmrodado": 0, "media": "0.00", "idcidade": 1, "idpagamento": 1, "imagemnota": "nada"}}, {"model": "viagem.despesas", "pk": 43, "fields": {"idnomeviagem": 1, "data": "2023-12-13", "idtipo": 4, "qnt": "0.00", "valor": "10.00", "nota": 41281, "kminicial": 0, "kmfinal": 0, "kmrodado": 0, "media": "0.00", "idcidade": 1, "idpagamento": 1, "imagemnota": "nada"}}, {"model": "viagem.despesas", "pk": 44, "fields": {"idnomeviagem": 1, "data": "2023-12-13", "idtipo": 5, "qnt": "31.28", "valor": "174.89", "nota": 303929, "kminicial": 37631, "kmfinal": 37880, "kmrodado": 249, "media": "7.96", "idcidade": 2, "idpagamento": 1, "imagemnota": "nada"}}, {"model": "viagem.despesas", "pk": 45, "fields": {"idnomeviagem": 1, "data": "2023-12-13", "idtipo": 5, "qnt": "40.58", "valor": "245.51", "nota": 363690, "kminicial": 37880, "kmfinal": 38287, "kmrodado": 407, "media": "10.03", "idcidade": 3, "idpagamento": 1, "imagemnota": "nada"}}, {"model": "viagem.despesas", "pk": 46, "fields": {"idnomeviagem": 1, "data": "2023-12-14", "idtipo": 1, "qnt": "2.00", "valor": "88.80", "nota": 176657, "kminicial": 0, "kmfinal": 0, "kmrodado": 0, "media": "0.00", "idcidade": 1, "idpagamento": 1, "imagemnota": "nada"}}, {"model": "viagem.despesas", "pk": 47, "fields": {"idnomeviagem": 1, "data": "2023-12-14", "idtipo": 1, "qnt": "2.00", "valor": "33.00", "nota": 141223, "kminicial": 0, "kmfinal": 0, "kmrodado": 0, "media": "0.00", "idcidade": 1, "idpagamento": 1, "imagemnota": "nada"}}, {"model": "viagem.despesas", "pk": 48, "fields": {"idnomeviagem": 1, "data": "2023-12-14", "idtipo": 2, "qnt": "1.00", "valor": "230.00", "nota": 20645, "kminicial": 0, "kmfinal": 0, "kmrodado": 0, "media": "0.00", "idcidade": 1, "idpagamento": 1, "imagemnota": "nada"}}, {"model": "viagem.despesas", "pk": 49, "fields": {"idnomeviagem": 1, "data": "2023-12-14", "idtipo": 5, "qnt": "33.59", "valor": "209.60", "nota": 226255, "kminicial": 38278, "kmfinal": 38590, "kmrodado": 312, "media": "9.29", "idcidade": 10, "idpagamento": 1, "imagemnota": "nada"}}, {"model": "viagem.despesas", "pk": 50, "fields": {"idnomeviagem": 1, "data": "2023-12-15", "idtipo": 5, "qnt": "38.95", "valor": "217.34", "nota": 10971, "kminicial": 38590, "kmfinal": 38968, "kmrodado": 378, "media": "9.70", "idcidade": 2, "idpagamento": 1, "imagemnota": "nada"}}, {"model": "viagem.despesas", "pk": 51, "fields": {"idnomeviagem": 1, "data": "2023-12-16", "idtipo": 5, "qnt": "44.28", "valor": "260.85", "nota": 33416, "kminicial": 38968, "kmfinal": 39404, "kmrodado": 436, "media": "9.85", "idcidade": 5, "idpagamento": 3, "imagemnota": "nada"}}, {"model": "viagem.despesas", "pk": 52, "fields": {"idnomeviagem": 1, "data": "2023-12-15", "idtipo": 1, "qnt": "1.00", "valor": "39.43", "nota": 22682, "kminicial": 0, "kmfinal": 0, "kmrodado": 0, "media": "0.00", "idcidade": 1, "idpagamento": 1, "imagemnota": "nada"}}, {"model": "viagem.despesas", "pk": 53, "fields": {"idnomeviagem": 1, "data": "2023-12-15", "idtipo": 2, "qnt": "1.00", "valor": "220.50", "nota": 68110, "kminicial": 0, "kmfinal": 0, "kmrodado": 0, "media": "0.00", "idcidade": 1, "idpagamento": 1, "imagemnota": "nada"}}, {"model": "viagem.despesas", "pk": 54, "fields": {"idnomeviagem": 1, "data": "2023-12-15", "idtipo": 4, "qnt": "0.00", "valor": "10.00", "nota": 46924, "kminicial": 0, "kmfinal": 0, "kmrodado": 0, "media": "0.00", "idcidade": 1, "idpagamento": 1, "imagemnota": "nada"}}, {"model": "viagem.despesas", "pk": 55, "fields": {"idnomeviagem": 1, "data": "2023-12-15", "idtipo": 4, "qnt": "0.00", "valor": "12.00", "nota": 47540, "kminicial": 0, "kmfinal": 0, "kmrodado": 0, "media": "0.00", "idcidade": 1, "idpagamento": 1, "imagemnota": "nada"}}, {"model": "viagem.despesas", "pk": 56, "fields": {"idnomeviagem": 1, "data": "2023-12-19", "idtipo": 5, "qnt": "23.15", "valor": "136.35", "nota": 98741, "kminicial": 39404, "kmfinal": 39614, "kmrodado": 210, "media": "9.07", "idcidade": 5, "idpagamento": 1, "imagemnota": "nada"}}, {"model": "viagem.despesas", "pk": 57, "fields": {"idnomeviagem": 1, "data": "2023-12-19", "idtipo": 1, "qnt": "1.00", "valor": "39.00", "nota": 191223, "kminicial": 0, "kmfinal": 0, "kmrodado": 0, "media": "0.00", "idcidade": 1, "idpagamento": 1, "imagemnota": "nada"}}, {"model": "viagem.despesas", "pk": 58, "fields": {"idnomeviagem": 1, "data": "2023-12-19", "idtipo": 5, "qnt": "28.72", "valor": "177.80", "nota": 747697, "kminicial": 39614, "kmfinal": 39861, "kmrodado": 247, "media": "8.60", "idcidade": 11, "idpagamento": 1, "imagemnota": "nada"}}, {"model": "viagem.despesas", "pk": 59, "fields": {"idnomeviagem": 1, "data": "2023-12-19", "idtipo": 1, "qnt": "1.00", "valor": "25.00", "nota": 8674, "kminicial": 0, "kmfinal": 0, "kmrodado": 0, "media": "0.00", "idcidade": 1, "idpagamento": 1, "imagemnota": "nada"}}, {"model": "viagem.despesas", "pk": 60, "fields": {"idnomeviagem": 1, "data": "2023-12-19", "idtipo": 5, "qnt": "20.99", "valor": "128.67", "nota": 42306, "kminicial": 39861, "kmfinal": 40085, "kmrodado": 224, "media": "10.67", "idcidade": 11, "idpagamento": 1, "imagemnota": "nada"}}, {"model": "viagem.despesas", "pk": 61, "fields": {"idnomeviagem": 1, "data": "2023-12-20", "idtipo": 5, "qnt": "36.00", "valor": "205.00", "nota": 847329, "kminicial": 40085, "kmfinal": 40409, "kmrodado": 324, "media": "9.00", "idcidade": 12, "idpagamento": 1, "imagemnota": "nada"}}, {"model": "viagem.despesas", "pk": 62, "fields": {"idnomeviagem": 1, "data": "2023-12-20", "idtipo": 1, "qnt": "1.00", "valor": "74.00", "nota": 347269, "kminicial": 0, "kmfinal": 0, "kmrodado": 0, "media": "0.00", "idcidade": 1, "idpagamento": 1, "imagemnota": "nada"}}, {"model": "viagem.despesas", "pk": 63, "fields": {"idnomeviagem": 1, "data": "2023-12-21", "idtipo": 2, "qnt": "1.00", "valor": "225.00", "nota": 20719, "kminicial": 0, "kmfinal": 0, "kmrodado": 0, "media": "0.00", "idcidade": 1, "idpagamento": 1, "imagemnota": "nada"}}, {"model": "viagem.despesas", "pk": 64, "fields": {"idnomeviagem": 1, "data": "2023-12-21", "idtipo": 5, "qnt": "41.96", "valor": "245.05", "nota": 442315, "kminicial": 40409, "kmfinal": 40800, "kmrodado": 391, "media": "9.32", "idcidade": 3, "idpagamento": 1, "imagemnota": "nada"}}, {"model": "viagem.despesas", "pk": 65, "fields": {"idnomeviagem": 1, "data": "2023-12-21", "idtipo": 1, "qnt": "1.00", "valor": "45.00", "nota": 10000025, "kminicial": 0, "kmfinal": 0, "kmrodado": 0, "media": "0.00", "idcidade": 1, "idpagamento": 1, "imagemnota": "nada"}}, {"model": "viagem.despesas", "pk": 66, "fields": {"idnomeviagem": 1, "data": "2023-12-21", "idtipo": 4, "qnt": "0.00", "valor": "10.00", "nota": 42871, "kminicial": 0, "kmfinal": 0, "kmrodado": 0, "media": "0.00", "idcidade": 1, "idpagamento": 1, "imagemnota": "nada"}}, {"model": "viagem.despesas", "pk": 67, "fields": {"idnomeviagem": 1, "data": "2023-11-27", "idtipo": 3, "qnt": "4.00", "valor": "37.30", "nota": 271123, "kminicial": 0, "kmfinal": 0, "kmrodado": 0, "media": "0.00", "idcidade": 1, "idpagamento": 2, "imagemnota": "nada"}}, {"model": "viagem.despesas", "pk": 68, "fields": {"idnomeviagem": 1, "data": "2023-11-28", "idtipo": 3, "qnt": "3.00", "valor": "26.10", "nota": 281123, "kminicial": 0, "kmfinal": 0, "kmrodado": 0, "media": "0.00", "idcidade": 1, "idpagamento": 2, "imagemnota": "nada"}}, {"model": "viagem.despesas", "pk": 69, "fields": {"idnomeviagem": 1, "data": "2023-11-29", "idtipo": 3, "qnt": "5.00", "valor": "54.30", "nota": 291123, "kminicial": 0, "kmfinal": 0, "kmrodado": 0, "media": "0.00", "idcidade": 1, "idpagamento": 2, "imagemnota": "nada"}}, {"model": "viagem.despesas", "pk": 70, "fields": {"idnomeviagem": 1, "data": "2023-11-30", "idtipo": 3, "qnt": "2.00", "valor": "13.10", "nota": 301123, "kminicial": 0, "kmfinal": 0, "kmrodado": 0, "media": "0.00", "idcidade": 1, "idpagamento": 2, "imagemnota": "nada"}}, {"model": "viagem.despesas", "pk": 71, "fields": {"idnomeviagem": 1, "data": "2023-12-01", "idtipo": 3, "qnt": "6.00", "valor": "48.30", "nota": 11223, "kminicial": 0, "kmfinal": 0, "kmrodado": 0, "media": "0.00", "idcidade": 1, "idpagamento": 2, "imagemnota": "nada"}}, {"model": "viagem.despesas", "pk": 72, "fields": {"idnomeviagem": 1, "data": "2023-12-04", "idtipo": 3, "qnt": "3.00", "valor": "29.70", "nota": 41223, "kminicial": 0, "kmfinal": 0, "kmrodado": 0, "media": "0.00", "idcidade": 1, "idpagamento": 2, "imagemnota": "nada"}}, {"model": "viagem.despesas", "pk": 73, "fields": {"idnomeviagem": 1, "data": "2023-12-05", "idtipo": 3, "qnt": "3.00", "valor": "29.70", "nota": 51223, "kminicial": 0, "kmfinal": 0, "kmrodado": 0, "media": "0.00", "idcidade": 1, "idpagamento": 2, "imagemnota": "nada"}}, {"model": "viagem.despesas", "pk": 74, "fields": {"idnomeviagem": 1, "data": "2023-12-06", "idtipo": 3, "qnt": "2.00", "valor": "19.80", "nota": 61223, "kminicial": 0, "kmfinal": 0, "kmrodado": 0, "media": "0.00", "idcidade": 1, "idpagamento": 2, "imagemnota": "nada"}}, {"model": "viagem.despesas", "pk": 75, "fields": {"idnomeviagem": 1, "data": "2023-12-11", "idtipo": 3, "qnt": "2.00", "valor": "19.80", "nota": 111223, "kminicial": 0, "kmfinal": 0, "kmrodado": 0, "media": "0.00", "idcidade": 1, "idpagamento": 2, "imagemnota": "nada"}}, {"model": "viagem.despesas", "pk": 76, "fields": {"idnomeviagem": 1, "data": "2023-12-12", "idtipo": 3, "qnt": "2.00", "valor": "19.80", "nota": 121223, "kminicial": 0, "kmfinal": 0, "kmrodado": 0, "media": "0.00", "idcidade": 1, "idpagamento": 2, "imagemnota": "nada"}}, {"model": "viagem.despesas", "pk": 77, "fields": {"idnomeviagem": 1, "data": "2023-12-13", "idtipo": 3, "qnt": "1.00", "valor": "5.80", "nota": 131223, "kminicial": 0, "kmfinal": 0, "kmrodado": 0, "media": "0.00", "idcidade": 1, "idpagamento": 2, "imagemnota": "nada"}}, {"model": "viagem.despesas", "pk": 80, "fields": {"idnomeviagem": 1, "data": "2023-12-14", "idtipo": 3, "qnt": "5.00", "valor": "45.40", "nota": 14122023, "kminicial": 0, "kmfinal": 0, "kmrodado": 0, "media": "0.00", "idcidade": 1, "idpagamento": 2, "imagemnota": "nada"}}, {"model": "viagem.despesas", "pk": 81, "fields": {"idnomeviagem": 1, "data": "2023-12-15", "idtipo": 3, "qnt": "4.00", "valor": "37.30", "nota": 151223, "kminicial": 0, "kmfinal": 0, "kmrodado": 0, "media": "0.00", "idcidade": 1, "idpagamento": 2, "imagemnota": "nada"}}, {"model": "viagem.despesas", "pk": 82, "fields": {"idnomeviagem": 1, "data": "2023-12-18", "idtipo": 3, "qnt": "2.00", "valor": "19.80", "nota": 181223, "kminicial": 0, "kmfinal": 0, "kmrodado": 0, "media": "0.00", "idcidade": 1, "idpagamento": 2, "imagemnota": "nada"}}, {"model": "viagem.despesas", "pk": 83, "fields": {"idnomeviagem": 1, "data": "2023-12-20", "idtipo": 3, "qnt": "5.00", "valor": "43.10", "nota": 201223, "kminicial": 0, "kmfinal": 0, "kmrodado": 0, "media": "0.00", "idcidade": 1, "idpagamento": 2, "imagemnota": "nada"}}, {"model": "viagem.despesas", "pk": 84, "fields": {"idnomeviagem": 1, "data": "2023-12-21", "idtipo": 3, "qnt": "5.00", "valor": "43.10", "nota": 211223, "kminicial": 0, "kmfinal": 0, "kmrodado": 0, "media": "0.00", "idcidade": 1, "idpagamento": 2, "imagemnota": "nada"}}, {"model": "viagem.despesas", "pk": 85, "fields": {"idnomeviagem": 1, "data": "2023-12-04", "idtipo": 7, "qnt": "0.00", "valor": "1800.00", "nota": 362710, "kminicial": 0, "kmfinal": 0, "kmrodado": 0, "media": "0.00", "idcidade": 1, "idpagamento": 4, "imagemnota": "nada"}}, {"model": "viagem.despesas", "pk": 86, "fields": {"idnomeviagem": 1, "data": "2023-12-13", "idtipo": 7, "qnt": "0.00", "valor": "1800.00", "nota": 363464, "kminicial": 0, "kmfinal": 0, "kmrodado": 0, "media": "0.00", "idcidade": 1, "idpagamento": 4, "imagemnota": "nada"}}, {"model": "viagem.despesas", "pk": 87, "fields": {"idnomeviagem": 1, "data": "2023-12-18", "idtipo": 7, "qnt": "0.00", "valor": "1800.00", "nota": 363673, "kminicial": 0, "kmfinal": 0, "kmrodado": 0, "media": "0.00", "idcidade": 1, "idpagamento": 4, "imagemnota": "nada"}}, {"model": "viagem.despesas", "pk": 98, "fields": {"idnomeviagem": 2, "data": "2023-12-29", "idtipo": 1, "qnt": "0.00", "valor": "41.00", "nota": 8283, "kminicial": 0, "kmfinal": 0, "kmrodado": 0, "media": "0.00", "idcidade": 1, "idpagamento": 1, "imagemnota": "notas/20240101_161919.jpg"}}, {"model": "viagem.despesas", "pk": 99, "fields": {"idnomeviagem": 2, "data": "2023-12-28", "idtipo": 1, "qnt": "1.00", "valor": "40.50", "nota": 7489, "kminicial": 0, "kmfinal": 0, "kmrodado": 0, "media": "0.00", "idcidade": 1, "idpagamento": 1, "imagemnota": "notas/20240101_162006.jpg"}}, {"model": "viagem.despesas", "pk": 100, "fields": {"idnomeviagem": 2, "data": "2023-12-28", "idtipo": 4, "qnt": "0.00", "valor": "6.00", "nota": 13728, "kminicial": 0, "kmfinal": 0, "kmrodado": 0, "media": "0.00", "idcidade": 1, "idpagamento": 1, "imagemnota": "notas/20240101_162017.jpg"}}, {"model": "viagem.despesas", "pk": 101, "fields": {"idnomeviagem": 2, "data": "2023-12-27", "idtipo": 1, "qnt": "1.00", "valor": "44.00", "nota": 8270, "kminicial": 0, "kmfinal": 0, "kmrodado": 0, "media": "0.00", "idcidade": 1, "idpagamento": 1, "imagemnota": "notas/20240101_162041.jpg"}}, {"model": "viagem.despesas", "pk": 102, "fields": {"idnomeviagem": 2, "data": "2023-12-27", "idtipo": 5, "qnt": "44.12", "valor": "259.88", "nota": 7487, "kminicial": 40800, "kmfinal": 41260, "kmrodado": 460, "media": "10.43", "idcidade": 5, "idpagamento": 1, "imagemnota": "notas/20240101_162106.jpg"}}, {"model": "viagem.despesas", "pk": 103, "fields": {"idnomeviagem": 2, "data": "2023-12-28", "idtipo": 5, "qnt": "36.24", "valor": "212.00", "nota": 690322, "kminicial": 41260, "kmfinal": 41606, "kmrodado": 346, "media": "9.55", "idcidade": 7, "idpagamento": 1, "imagemnota": "notas/20240101_161931.jpg"}}, {"model": "viagem.despesas", "pk": 104, "fields": {"idnomeviagem": 2, "data": "2024-01-02", "idtipo": 5, "qnt": "44.87", "valor": "264.27", "nota": 33413, "kminicial": 41606, "kmfinal": 42050, "kmrodado": 444, "media": "9.90", "idcidade": 5, "idpagamento": 3, "imagemnota": "notas/20240104_120521.jpg"}}, {"model": "viagem.despesas", "pk": 105, "fields": {"idnomeviagem": 2, "data": "2024-01-03", "idtipo": 5, "qnt": "40.55", "valor": "265.20", "nota": 385510, "kminicial": 42050, "kmfinal": 42385, "kmrodado": 335, "media": "8.00", "idcidade": 13, "idpagamento": 1, "imagemnota": "notas/20240104_120825.jpg"}}, {"model": "viagem.despesas", "pk": 106, "fields": {"idnomeviagem": 2, "data": "2024-01-03", "idtipo": 5, "qnt": "30.74", "valor": "188.44", "nota": 44471, "kminicial": 42385, "kmfinal": 42688, "kmrodado": 303, "media": "9.86", "idcidade": 11, "idpagamento": 1, "imagemnota": "notas/20240104_120607.jpg"}}, {"model": "viagem.despesas", "pk": 107, "fields": {"idnomeviagem": 2, "data": "2024-01-03", "idtipo": 4, "qnt": "0.00", "valor": "5.98", "nota": 86271, "kminicial": 0, "kmfinal": 0, "kmrodado": 0, "media": "0.00", "idcidade": 1, "idpagamento": 1, "imagemnota": "notas/20240104_120628.jpg"}}, {"model": "viagem.despesas", "pk": 108, "fields": {"idnomeviagem": 2, "data": "2024-01-03", "idtipo": 1, "qnt": "1.00", "valor": "24.00", "nota": 298794, "kminicial": 0, "kmfinal": 0, "kmrodado": 0, "media": "0.00", "idcidade": 1, "idpagamento": 1, "imagemnota": "notas/20240104_120734.jpg"}}, {"model": "viagem.despesas", "pk": 109, "fields": {"idnomeviagem": 2, "data": "2024-01-04", "idtipo": 5, "qnt": "29.52", "valor": "173.86", "nota": 135981, "kminicial": 42688, "kmfinal": 42935, "kmrodado": 247, "media": "8.37", "idcidade": 5, "idpagamento": 1, "imagemnota": "notas/20240104_120550.jpg"}}, {"model": "viagem.despesas", "pk": 110, "fields": {"idnomeviagem": 2, "data": "2024-01-04", "idtipo": 5, "qnt": "39.03", "valor": "222.04", "nota": 515022, "kminicial": 42935, "kmfinal": 43310, "kmrodado": 375, "media": "9.61", "idcidade": 14, "idpagamento": 1, "imagemnota": "notas/20240104_175552_1.jpg"}}, {"model": "viagem.despesas", "pk": 111, "fields": {"idnomeviagem": 2, "data": "2024-01-04", "idtipo": 4, "qnt": "0.00", "valor": "7.00", "nota": 185004, "kminicial": 0, "kmfinal": 0, "kmrodado": 0, "media": "0.00", "idcidade": 1, "idpagamento": 1, "imagemnota": "notas/20240104_175718.jpg"}}, {"model": "viagem.despesas", "pk": 112, "fields": {"idnomeviagem": 2, "data": "2024-01-04", "idtipo": 4, "qnt": "0.00", "valor": "12.00", "nota": 240101738, "kminicial": 0, "kmfinal": 0, "kmrodado": 0, "media": "0.00", "idcidade": 1, "idpagamento": 1, "imagemnota": "notas/20240104_175740.jpg"}}, {"model": "viagem.despesas", "pk": 113, "fields": {"idnomeviagem": 2, "data": "2024-01-04", "idtipo": 1, "qnt": "1.00", "valor": "64.60", "nota": 846012, "kminicial": 0, "kmfinal": 0, "kmrodado": 0, "media": "0.00", "idcidade": 1, "idpagamento": 1, "imagemnota": "notas/20240104_175826.jpg"}}, {"model": "viagem.despesas", "pk": 114, "fields": {"idnomeviagem": 2, "data": "2024-01-03", "idtipo": 7, "qnt": "0.00", "valor": "1800.00", "nota": 30124, "kminicial": 0, "kmfinal": 0, "kmrodado": 0, "media": "0.00", "idcidade": 1, "idpagamento": 4, "imagemnota": "nada"}}, {"model": "viagem.despesas", "pk": 115, "fields": {"idnomeviagem": 2, "data": "2024-01-05", "idtipo": 2, "qnt": "1.00", "valor": "168.00", "nota": 55211, "kminicial": 0, "kmfinal": 0, "kmrodado": 0, "media": "0.00", "idcidade": 1, "idpagamento": 1, "imagemnota": "notas/20240105_085940.jpg"}}, {"model": "viagem.despesas", "pk": 116, "fields": {"idnomeviagem": 2, "data": "2024-01-05", "idtipo": 1, "qnt": "1.00", "valor": "56.79", "nota": 14845, "kminicial": 0, "kmfinal": 0, "kmrodado": 0, "media": "0.00", "idcidade": 1, "idpagamento": 1, "imagemnota": "notas/20240105_125342.jpg"}}, {"model": "viagem.despesas", "pk": 117, "fields": {"idnomeviagem": 2, "data": "2024-01-05", "idtipo": 4, "qnt": "0.00", "valor": "15.00", "nota": 44964, "kminicial": 0, "kmfinal": 0, "kmrodado": 0, "media": "0.00", "idcidade": 1, "idpagamento": 1, "imagemnota": "notas/20240105_154939.jpg"}}, {"model": "viagem.despesas", "pk": 118, "fields": {"idnomeviagem": 2, "data": "2024-01-06", "idtipo": 2, "qnt": "1.00", "valor": "336.00", "nota": 54294, "kminicial": 0, "kmfinal": 0, "kmrodado": 0, "media": "0.00", "idcidade": 1, "idpagamento": 1, "imagemnota": "notas/20240106_085924.jpg"}}, {"model": "viagem.despesas", "pk": 119, "fields": {"idnomeviagem": 2, "data": "2024-01-06", "idtipo": 4, "qnt": "0.00", "valor": "12.00", "nota": 47619, "kminicial": 0, "kmfinal": 0, "kmrodado": 0, "media": "0.00", "idcidade": 1, "idpagamento": 1, "imagemnota": "notas/20240106_085955.jpg"}}, {"model": "viagem.despesas", "pk": 120, "fields": {"idnomeviagem": 2, "data": "2024-01-06", "idtipo": 5, "qnt": "41.70", "valor": "237.28", "nota": 1170813, "kminicial": 43310, "kmfinal": 43739, "kmrodado": 429, "media": "10.29", "idcidade": 2, "idpagamento": 1, "imagemnota": "notas/20240106_093204.jpg"}}, {"model": "viagem.despesas", "pk": 121, "fields": {"idnomeviagem": 2, "data": "2024-01-09", "idtipo": 4, "qnt": "0.00", "valor": "75.00", "nota": 90124, "kminicial": 0, "kmfinal": 0, "kmrodado": 0, "media": "0.00", "idcidade": 1, "idpagamento": 2, "imagemnota": "notas/20240109_182858.jpg"}}, {"model": "viagem.despesas", "pk": 122, "fields": {"idnomeviagem": 2, "data": "2024-01-08", "idtipo": 7, "qnt": "0.00", "valor": "1800.00", "nota": 80124, "kminicial": 0, "kmfinal": 0, "kmrodado": 0, "media": "0.00", "idcidade": 1, "idpagamento": 4, "imagemnota": "nada"}}, {"model": "viagem.despesas", "pk": 123, "fields": {"idnomeviagem": 2, "data": "2024-01-20", "idtipo": 3, "qnt": "20.00", "valor": "214.10", "nota": 200124, "kminicial": 0, "kmfinal": 0, "kmrodado": 0, "media": "0.00", "idcidade": 1, "idpagamento": 2, "imagemnota": "notas/pedagio-01-24.pdf"}}, {"model": "viagem.despesas", "pk": 124, "fields": {"idnomeviagem": 3, "data": "2024-01-30", "idtipo": 1, "qnt": "1.00", "valor": "39.80", "nota": 631876, "kminicial": 0, "kmfinal": 0, "kmrodado": 0, "media": "0.00", "idcidade": 1, "idpagamento": 1, "imagemnota": "notas/20240131_085944.jpg"}}, {"model": "viagem.despesas", "pk": 125, "fields": {"idnomeviagem": 3, "data": "2024-01-30", "idtipo": 5, "qnt": "42.07", "valor": "239.38", "nota": 1177947, "kminicial": 44497, "kmfinal": 44772, "kmrodado": 275, "media": "6.54", "idcidade": 2, "idpagamento": 1, "imagemnota": "notas/20240131_090109.jpg"}}, {"model": "viagem.despesas", "pk": 126, "fields": {"idnomeviagem": 3, "data": "2024-01-31", "idtipo": 2, "qnt": "1.00", "valor": "220.50", "nota": 68628, "kminicial": 0, "kmfinal": 0, "kmrodado": 0, "media": "0.00", "idcidade": 1, "idpagamento": 1, "imagemnota": "notas/20240131_090436.jpg"}}, {"model": "viagem.despesas", "pk": 127, "fields": {"idnomeviagem": 3, "data": "2024-01-31", "idtipo": 4, "qnt": "0.00", "valor": "12.00", "nota": 47840, "kminicial": 0, "kmfinal": 0, "kmrodado": 0, "media": "0.00", "idcidade": 1, "idpagamento": 1, "imagemnota": "notas/20240131_090344.jpg"}}, {"model": "viagem.despesas", "pk": 128, "fields": {"idnomeviagem": 3, "data": "2024-01-31", "idtipo": 4, "qnt": "0.00", "valor": "9.00", "nota": 190167, "kminicial": 0, "kmfinal": 0, "kmrodado": 0, "media": "0.00", "idcidade": 1, "idpagamento": 1, "imagemnota": "notas/20240131_114409.jpg"}}, {"model": "viagem.despesas", "pk": 129, "fields": {"idnomeviagem": 3, "data": "2024-01-31", "idtipo": 1, "qnt": "1.00", "valor": "80.50", "nota": 593822, "kminicial": 0, "kmfinal": 0, "kmrodado": 0, "media": "0.00", "idcidade": 1, "idpagamento": 1, "imagemnota": "notas/20240131_154532.jpg"}}, {"model": "viagem.despesas", "pk": 130, "fields": {"idnomeviagem": 3, "data": "2024-02-01", "idtipo": 2, "qnt": "1.00", "valor": "185.00", "nota": 55453, "kminicial": 0, "kmfinal": 0, "kmrodado": 0, "media": "0.00", "idcidade": 1, "idpagamento": 1, "imagemnota": "notas/20240201_084425.jpg"}}, {"model": "viagem.despesas", "pk": 131, "fields": {"idnomeviagem": 3, "data": "2024-02-01", "idtipo": 5, "qnt": "30.38", "valor": "176.51", "nota": 1236397, "kminicial": 44772, "kmfinal": 45074, "kmrodado": 302, "media": "9.94", "idcidade": 4, "idpagamento": 1, "imagemnota": "notas/20240201_090646.jpg"}}, {"model": "viagem.despesas", "pk": 132, "fields": {"idnomeviagem": 3, "data": "2024-02-01", "idtipo": 1, "qnt": "1.00", "valor": "37.55", "nota": 11, "kminicial": 0, "kmfinal": 0, "kmrodado": 0, "media": "0.00", "idcidade": 1, "idpagamento": 1, "imagemnota": "notas/20240201_133627.jpg"}}, {"model": "viagem.despesas", "pk": 133, "fields": {"idnomeviagem": 3, "data": "2024-02-01", "idtipo": 1, "qnt": "1.00", "valor": "35.00", "nota": 49870, "kminicial": 0, "kmfinal": 0, "kmrodado": 0, "media": "0.00", "idcidade": 1, "idpagamento": 1, "imagemnota": "notas/20240201_155301.jpg"}}, {"model": "viagem.despesas", "pk": 134, "fields": {"idnomeviagem": 3, "data": "2024-02-02", "idtipo": 2, "qnt": "1.00", "valor": "225.00", "nota": 20981, "kminicial": 0, "kmfinal": 0, "kmrodado": 0, "media": "0.00", "idcidade": 1, "idpagamento": 1, "imagemnota": "notas/20240202_071302.jpg"}}, {"model": "viagem.despesas", "pk": 135, "fields": {"idnomeviagem": 3, "data": "2024-02-02", "idtipo": 5, "qnt": "30.84", "valor": "180.11", "nota": 481638, "kminicial": 45074, "kmfinal": 45407, "kmrodado": 333, "media": "10.80", "idcidade": 3, "idpagamento": 1, "imagemnota": "notas/20240202_073050.jpg"}}, {"model": "viagem.despesas", "pk": 136, "fields": {"idnomeviagem": 3, "data": "2024-02-02", "idtipo": 1, "qnt": "1.00", "valor": "57.66", "nota": 85697, "kminicial": 0, "kmfinal": 0, "kmrodado": 0, "media": "0.00", "idcidade": 1, "idpagamento": 1, "imagemnota": "notas/20240202_122147.jpg"}}, {"model": "viagem.despesas", "pk": 137, "fields": {"idnomeviagem": 3, "data": "2024-02-02", "idtipo": 5, "qnt": "30.15", "valor": "186.63", "nota": 539495, "kminicial": 45407, "kmfinal": 45682, "kmrodado": 275, "media": "9.12", "idcidade": 15, "idpagamento": 1, "imagemnota": "notas/20240202_123505.jpg"}}, {"model": "viagem.despesas", "pk": 138, "fields": {"idnomeviagem": 3, "data": "2024-02-02", "idtipo": 4, "qnt": "0.00", "valor": "12.00", "nota": 880620, "kminicial": 0, "kmfinal": 0, "kmrodado": 0, "media": "0.00", "idcidade": 1, "idpagamento": 1, "imagemnota": "notas/20240202_160518.jpg"}}, {"model": "viagem.despesas", "pk": 139, "fields": {"idnomeviagem": 3, "data": "2024-02-05", "idtipo": 5, "qnt": "38.08", "valor": "228.10", "nota": 127593, "kminicial": 45682, "kmfinal": 46052, "kmrodado": 370, "media": "9.72", "idcidade": 5, "idpagamento": 1, "imagemnota": "notas/20240205_134436.jpg"}}, {"model": "viagem.despesas", "pk": 140, "fields": {"idnomeviagem": 3, "data": "2024-02-05", "idtipo": 5, "qnt": "21.98", "valor": "129.46", "nota": 498925, "kminicial": 46052, "kmfinal": 46286, "kmrodado": 234, "media": "10.65", "idcidade": 2, "idpagamento": 1, "imagemnota": "notas/20240205_134318.jpg"}}, {"model": "viagem.despesas", "pk": 141, "fields": {"idnomeviagem": 3, "data": "2024-02-05", "idtipo": 1, "qnt": "1.00", "valor": "64.03", "nota": 757099, "kminicial": 0, "kmfinal": 0, "kmrodado": 0, "media": "0.00", "idcidade": 1, "idpagamento": 1, "imagemnota": "notas/20240205_135435.jpg"}}, {"model": "viagem.despesas", "pk": 142, "fields": {"idnomeviagem": 3, "data": "2024-02-05", "idtipo": 4, "qnt": "0.00", "valor": "15.00", "nota": 1211028301, "kminicial": 0, "kmfinal": 0, "kmrodado": 0, "media": "0.00", "idcidade": 1, "idpagamento": 1, "imagemnota": "notas/20240205_135632.jpg"}}, {"model": "viagem.despesas", "pk": 143, "fields": {"idnomeviagem": 3, "data": "2024-02-05", "idtipo": 1, "qnt": "1.00", "valor": "45.50", "nota": 595224, "kminicial": 0, "kmfinal": 0, "kmrodado": 0, "media": "0.00", "idcidade": 1, "idpagamento": 1, "imagemnota": "notas/20240205_182834.jpg"}}, {"model": "viagem.despesas", "pk": 144, "fields": {"idnomeviagem": 3, "data": "2024-02-05", "idtipo": 7, "qnt": "0.00", "valor": "1800.00", "nota": 50224, "kminicial": 0, "kmfinal": 0, "kmrodado": 0, "media": "0.00", "idcidade": 1, "idpagamento": 4, "imagemnota": "nada"}}, {"model": "viagem.despesas", "pk": 145, "fields": {"idnomeviagem": 3, "data": "2024-01-30", "idtipo": 7, "qnt": "0.00", "valor": "1800.00", "nota": 300124, "kminicial": 0, "kmfinal": 0, "kmrodado": 0, "media": "0.00", "idcidade": 1, "idpagamento": 4, "imagemnota": "nada"}}, {"model": "viagem.despesas", "pk": 146, "fields": {"idnomeviagem": 3, "data": "2024-02-06", "idtipo": 2, "qnt": "1.00", "valor": "199.00", "nota": 55483, "kminicial": 0, "kmfinal": 0, "kmrodado": 0, "media": "0.00", "idcidade": 1, "idpagamento": 1, "imagemnota": "notas/20240206_075424.jpg"}}, {"model": "viagem.despesas", "pk": 147, "fields": {"idnomeviagem": 3, "data": "2024-02-06", "idtipo": 5, "qnt": "21.82", "valor": "126.77", "nota": 1238860, "kminicial": 46286, "kmfinal": 46541, "kmrodado": 255, "media": "11.69", "idcidade": 4, "idpagamento": 1, "imagemnota": "notas/20240206_080652.jpg"}}, {"model": "viagem.despesas", "pk": 148, "fields": {"idnomeviagem": 3, "data": "2024-02-06", "idtipo": 5, "qnt": "24.05", "valor": "149.11", "nota": 1424333, "kminicial": 46541, "kmfinal": 46735, "kmrodado": 194, "media": "8.07", "idcidade": 16, "idpagamento": 1, "imagemnota": "notas/20240206_103328.jpg"}}, {"model": "viagem.despesas", "pk": 149, "fields": {"idnomeviagem": 3, "data": "2024-02-06", "idtipo": 4, "qnt": "0.00", "valor": "8.10", "nota": 1424335, "kminicial": 0, "kmfinal": 0, "kmrodado": 0, "media": "0.00", "idcidade": 1, "idpagamento": 1, "imagemnota": "notas/20240206_103357.jpg"}}, {"model": "viagem.despesas", "pk": 150, "fields": {"idnomeviagem": 3, "data": "2024-02-06", "idtipo": 5, "qnt": "34.18", "valor": "191.07", "nota": 135286, "kminicial": 46735, "kmfinal": 47084, "kmrodado": 349, "media": "10.21", "idcidade": 17, "idpagamento": 1, "imagemnota": "notas/20240206_183613.jpg"}}, {"model": "viagem.despesas", "pk": 151, "fields": {"idnomeviagem": 3, "data": "2024-02-06", "idtipo": 1, "qnt": "1.00", "valor": "28.50", "nota": 60224, "kminicial": 0, "kmfinal": 0, "kmrodado": 0, "media": "0.00", "idcidade": 1, "idpagamento": 1, "imagemnota": "notas/20240206_182849.jpg"}}, {"model": "viagem.despesas", "pk": 152, "fields": {"idnomeviagem": 3, "data": "2024-02-06", "idtipo": 1, "qnt": "1.00", "valor": "53.00", "nota": 595460, "kminicial": 0, "kmfinal": 0, "kmrodado": 0, "media": "0.00", "idcidade": 1, "idpagamento": 1, "imagemnota": "notas/20240206_182921.jpg"}}, {"model": "viagem.despesas", "pk": 153, "fields": {"idnomeviagem": 3, "data": "2024-02-07", "idtipo": 2, "qnt": "1.00", "valor": "226.00", "nota": 55496, "kminicial": 0, "kmfinal": 0, "kmrodado": 0, "media": "0.00", "idcidade": 4, "idpagamento": 1, "imagemnota": "notas/20240207_081442.jpg"}}, {"model": "viagem.despesas", "pk": 154, "fields": {"idnomeviagem": 3, "data": "2024-02-07", "idtipo": 1, "qnt": "1.00", "valor": "65.88", "nota": 4756, "kminicial": 0, "kmfinal": 0, "kmrodado": 0, "media": "0.00", "idcidade": 4, "idpagamento": 1, "imagemnota": "notas/20240207_131159.jpg"}}, {"model": "viagem.despesas", "pk": 155, "fields": {"idnomeviagem": 3, "data": "2024-02-07", "idtipo": 4, "qnt": "0.00", "valor": "8.00", "nota": 214143, "kminicial": 0, "kmfinal": 0, "kmrodado": 0, "media": "0.00", "idcidade": 1, "idpagamento": 1, "imagemnota": "notas/20240207_131105.jpg"}}, {"model": "viagem.despesas", "pk": 156, "fields": {"idnomeviagem": 3, "data": "2024-02-07", "idtipo": 4, "qnt": "0.00", "valor": "9.00", "nota": 191587, "kminicial": 0, "kmfinal": 0, "kmrodado": 0, "media": "0.00", "idcidade": 14, "idpagamento": 1, "imagemnota": "notas/20240207_160936.jpg"}}, {"model": "viagem.despesas", "pk": 157, "fields": {"idnomeviagem": 3, "data": "2024-02-07", "idtipo": 5, "qnt": "36.67", "valor": "208.67", "nota": 520301, "kminicial": 47084, "kmfinal": 47432, "kmrodado": 348, "media": "9.49", "idcidade": 14, "idpagamento": 1, "imagemnota": "notas/20240207_161001.jpg"}}, {"model": "viagem.despesas", "pk": 158, "fields": {"idnomeviagem": 3, "data": "2024-02-07", "idtipo": 1, "qnt": "1.00", "valor": "48.20", "nota": 634046, "kminicial": 0, "kmfinal": 0, "kmrodado": 0, "media": "0.00", "idcidade": 2, "idpagamento": 1, "imagemnota": "notas/20240208_074509.jpg"}}, {"model": "viagem.despesas", "pk": 159, "fields": {"idnomeviagem": 3, "data": "2024-02-08", "idtipo": 2, "qnt": "1.00", "valor": "220.50", "nota": 68793, "kminicial": 0, "kmfinal": 0, "kmrodado": 0, "media": "0.00", "idcidade": 2, "idpagamento": 1, "imagemnota": "notas/20240208_074436.jpg"}}, {"model": "viagem.despesas", "pk": 160, "fields": {"idnomeviagem": 3, "data": "2024-02-08", "idtipo": 4, "qnt": "0.00", "valor": "12.00", "nota": 47948, "kminicial": 0, "kmfinal": 0, "kmrodado": 0, "media": "0.00", "idcidade": 2, "idpagamento": 1, "imagemnota": "notas/20240208_074349.jpg"}}, {"model": "viagem.despesas", "pk": 161, "fields": {"idnomeviagem": 3, "data": "2024-02-08", "idtipo": 4, "qnt": "0.00", "valor": "12.00", "nota": 133239, "kminicial": 0, "kmfinal": 0, "kmrodado": 0, "media": "0.00", "idcidade": 2, "idpagamento": 1, "imagemnota": "notas/20240208_112034.jpg"}}, {"model": "viagem.despesas", "pk": 162, "fields": {"idnomeviagem": 3, "data": "2024-02-08", "idtipo": 5, "qnt": "26.57", "valor": "159.14", "nota": 1180497, "kminicial": 47432, "kmfinal": 47689, "kmrodado": 257, "media": "9.67", "idcidade": 2, "idpagamento": 1, "imagemnota": "notas/20240208_111956.jpg"}}, {"model": "viagem.despesas", "pk": 163, "fields": {"idnomeviagem": 3, "data": "2024-02-12", "idtipo": 7, "qnt": "0.00", "valor": "1800.00", "nota": 120224, "kminicial": 0, "kmfinal": 0, "kmrodado": 0, "media": "0.00", "idcidade": 5, "idpagamento": 4, "imagemnota": "nada"}}, {"model": "viagem.despesas", "pk": 164, "fields": {"idnomeviagem": 3, "data": "2024-02-08", "idtipo": 1, "qnt": "1.00", "valor": "53.00", "nota": 99253, "kminicial": 0, "kmfinal": 0, "kmrodado": 0, "media": "0.00", "idcidade": 2, "idpagamento": 1, "imagemnota": "notas/20240213_155114.jpg"}}, {"model": "viagem.despesas", "pk": 165, "fields": {"idnomeviagem": 3, "data": "2024-02-13", "idtipo": 1, "qnt": "1.00", "valor": "18.00", "nota": 937770, "kminicial": 0, "kmfinal": 0, "kmrodado": 0, "media": "0.00", "idcidade": 7, "idpagamento": 1, "imagemnota": "notas/20240213_160259.jpg"}}, {"model": "viagem.despesas", "pk": 166, "fields": {"idnomeviagem": 3, "data": "2024-02-13", "idtipo": 5, "qnt": "23.00", "valor": "157.34", "nota": 164437, "kminicial": 47689, "kmfinal": 47967, "kmrodado": 278, "media": "12.09", "idcidade": 5, "idpagamento": 1, "imagemnota": "notas/20240213_160750.jpg"}}, {"model": "viagem.despesas", "pk": 167, "fields": {"idnomeviagem": 3, "data": "2024-02-13", "idtipo": 5, "qnt": "23.14", "valor": "145.55", "nota": 155134, "kminicial": 47967, "kmfinal": 48148, "kmrodado": 181, "media": "7.82", "idcidade": 18, "idpagamento": 1, "imagemnota": "notas/20240213_161250.jpg"}}, {"model": "viagem.despesas", "pk": 168, "fields": {"idnomeviagem": 3, "data": "2024-02-13", "idtipo": 1, "qnt": "1.00", "valor": "42.00", "nota": 396903, "kminicial": 0, "kmfinal": 0, "kmrodado": 0, "media": "0.00", "idcidade": 18, "idpagamento": 1, "imagemnota": "notas/20240213_161810.jpg"}}, {"model": "viagem.despesas", "pk": 169, "fields": {"idnomeviagem": 3, "data": "2024-02-13", "idtipo": 5, "qnt": "38.64", "valor": "226.82", "nota": 937764, "kminicial": 48148, "kmfinal": 48534, "kmrodado": 386, "media": "9.99", "idcidade": 7, "idpagamento": 1, "imagemnota": "notas/20240213_162108.jpg"}}, {"model": "viagem.despesas", "pk": 170, "fields": {"idnomeviagem": 3, "data": "2024-02-14", "idtipo": 5, "qnt": "41.24", "valor": "242.90", "nota": 503626, "kminicial": 48534, "kmfinal": 48905, "kmrodado": 371, "media": "9.00", "idcidade": 2, "idpagamento": 1, "imagemnota": "notas/20240214_124317.jpg"}}, {"model": "viagem.despesas", "pk": 171, "fields": {"idnomeviagem": 3, "data": "2024-02-14", "idtipo": 1, "qnt": "2.00", "valor": "86.50", "nota": 114189, "kminicial": 0, "kmfinal": 0, "kmrodado": 0, "media": "0.00", "idcidade": 2, "idpagamento": 1, "imagemnota": "notas/20240215_081527.jpg"}}, {"model": "viagem.despesas", "pk": 172, "fields": {"idnomeviagem": 3, "data": "2024-02-15", "idtipo": 1, "qnt": "1.00", "valor": "69.40", "nota": 47531, "kminicial": 0, "kmfinal": 0, "kmrodado": 0, "media": "0.00", "idcidade": 1, "idpagamento": 1, "imagemnota": "notas/20240215_115311.jpg"}}, {"model": "viagem.despesas", "pk": 173, "fields": {"idnomeviagem": 3, "data": "2024-02-15", "idtipo": 4, "qnt": "0.00", "valor": "8.00", "nota": 25250248, "kminicial": 0, "kmfinal": 0, "kmrodado": 0, "media": "0.00", "idcidade": 1, "idpagamento": 1, "imagemnota": "notas/20240215_115230.jpg"}}, {"model": "viagem.despesas", "pk": 174, "fields": {"idnomeviagem": 3, "data": "2024-02-15", "idtipo": 4, "qnt": "0.00", "valor": "15.00", "nota": 80116, "kminicial": 0, "kmfinal": 0, "kmrodado": 0, "media": "0.00", "idcidade": 1, "idpagamento": 1, "imagemnota": "notas/20240215_164225.jpg"}}, {"model": "viagem.despesas", "pk": 175, "fields": {"idnomeviagem": 3, "data": "2024-02-15", "idtipo": 5, "qnt": "36.42", "valor": "218.16", "nota": 1243471, "kminicial": 48905, "kmfinal": 49300, "kmrodado": 395, "media": "10.85", "idcidade": 4, "idpagamento": 1, "imagemnota": "notas/20240215_164322.jpg"}}, {"model": "viagem.despesas", "pk": 176, "fields": {"idnomeviagem": 3, "data": "2024-02-16", "idtipo": 2, "qnt": "2.00", "valor": "398.00", "nota": 55566, "kminicial": 0, "kmfinal": 0, "kmrodado": 0, "media": "0.00", "idcidade": 1, "idpagamento": 1, "imagemnota": "notas/20240216_061318.jpg"}}, {"model": "viagem.despesas", "pk": 177, "fields": {"idnomeviagem": 3, "data": "2024-02-16", "idtipo": 4, "qnt": "0.00", "valor": "5.40", "nota": 1428324, "kminicial": 0, "kmfinal": 0, "kmrodado": 0, "media": "0.00", "idcidade": 1, "idpagamento": 1, "imagemnota": "notas/20240216_085040.jpg"}}, {"model": "viagem.despesas", "pk": 178, "fields": {"idnomeviagem": 3, "data": "2024-02-16", "idtipo": 5, "qnt": "37.69", "valor": "231.79", "nota": 1428322, "kminicial": 49300, "kmfinal": 49678, "kmrodado": 378, "media": "10.03", "idcidade": 16, "idpagamento": 1, "imagemnota": "notas/20240216_085113.jpg"}}, {"model": "viagem.despesas", "pk": 179, "fields": {"idnomeviagem": 3, "data": "2024-02-16", "idtipo": 1, "qnt": "1.00", "valor": "59.50", "nota": 598514, "kminicial": 0, "kmfinal": 0, "kmrodado": 0, "media": "0.00", "idcidade": 4, "idpagamento": 1, "imagemnota": "notas/20240216_142547.jpg"}}, {"model": "viagem.despesas", "pk": 180, "fields": {"idnomeviagem": 3, "data": "2024-02-17", "idtipo": 4, "qnt": "0.00", "valor": "12.00", "nota": 48020, "kminicial": 0, "kmfinal": 0, "kmrodado": 0, "media": "0.00", "idcidade": 1, "idpagamento": 1, "imagemnota": "notas/20240217_064823.jpg"}}, {"model": "viagem.despesas", "pk": 181, "fields": {"idnomeviagem": 3, "data": "2024-02-17", "idtipo": 2, "qnt": "1.00", "valor": "220.50", "nota": 68902, "kminicial": 0, "kmfinal": 0, "kmrodado": 0, "media": "0.00", "idcidade": 1, "idpagamento": 1, "imagemnota": "notas/20240217_064924.jpg"}}, {"model": "viagem.despesas", "pk": 182, "fields": {"idnomeviagem": 3, "data": "2024-02-16", "idtipo": 5, "qnt": "39.40", "valor": "223.01", "nota": 321137, "kminicial": 49678, "kmfinal": 50072, "kmrodado": 394, "media": "10.00", "idcidade": 14, "idpagamento": 1, "imagemnota": "notas/20240216_172539.jpg"}}, {"model": "viagem.despesas", "pk": 183, "fields": {"idnomeviagem": 3, "data": "2024-02-19", "idtipo": 5, "qnt": "42.70", "valor": "134.51", "nota": 665594, "kminicial": 50072, "kmfinal": 50455, "kmrodado": 383, "media": "8.97", "idcidade": 5, "idpagamento": 2, "imagemnota": "notas/20240219_155135.jpg"}}, {"model": "viagem.despesas", "pk": 184, "fields": {"idnomeviagem": 3, "data": "2024-02-20", "idtipo": 1, "qnt": "1.00", "valor": "75.42", "nota": 762941, "kminicial": 0, "kmfinal": 0, "kmrodado": 0, "media": "0.00", "idcidade": 2, "idpagamento": 1, "imagemnota": "notas/20240220_154415.jpg"}}, {"model": "viagem.despesas", "pk": 185, "fields": {"idnomeviagem": 3, "data": "2024-02-20", "idtipo": 5, "qnt": "35.33", "valor": "112.00", "nota": 895511, "kminicial": 50455, "kmfinal": 50750, "kmrodado": 295, "media": "8.35", "idcidade": 19, "idpagamento": 1, "imagemnota": "notas/20240220_154743.jpg"}}, {"model": "viagem.despesas", "pk": 186, "fields": {"idnomeviagem": 3, "data": "2024-02-20", "idtipo": 4, "qnt": "0.00", "valor": "8.00", "nota": 895512, "kminicial": 0, "kmfinal": 0, "kmrodado": 0, "media": "0.00", "idcidade": 19, "idpagamento": 1, "imagemnota": "notas/20240220_155235.jpg"}}, {"model": "viagem.despesas", "pk": 187, "fields": {"idnomeviagem": 3, "data": "2024-02-20", "idtipo": 4, "qnt": "0.00", "valor": "15.00", "nota": 286589, "kminicial": 0, "kmfinal": 0, "kmrodado": 0, "media": "0.00", "idcidade": 2, "idpagamento": 1, "imagemnota": "notas/20240220_155508.jpg"}}, {"model": "viagem.despesas", "pk": 188, "fields": {"idnomeviagem": 3, "data": "2024-02-19", "idtipo": 7, "qnt": "0.00", "valor": "1800.00", "nota": 190224, "kminicial": 0, "kmfinal": 0, "kmrodado": 0, "media": "0.00", "idcidade": 5, "idpagamento": 4, "imagemnota": "nada"}}, {"model": "viagem.despesas", "pk": 189, "fields": {"idnomeviagem": 3, "data": "2024-02-16", "idtipo": 7, "qnt": "0.00", "valor": "1000.00", "nota": 160224, "kminicial": 0, "kmfinal": 0, "kmrodado": 0, "media": "0.00", "idcidade": 5, "idpagamento": 4, "imagemnota": "nada"}}, {"model": "viagem.despesas", "pk": 190, "fields": {"idnomeviagem": 3, "data": "2024-02-21", "idtipo": 1, "qnt": "1.00", "valor": "48.90", "nota": 181671, "kminicial": 0, "kmfinal": 0, "kmrodado": 0, "media": "0.00", "idcidade": 3, "idpagamento": 1, "imagemnota": "notas/20240221_133808.jpg"}}, {"model": "viagem.despesas", "pk": 191, "fields": {"idnomeviagem": 3, "data": "2024-02-21", "idtipo": 5, "qnt": "35.96", "valor": "121.65", "nota": 215097, "kminicial": 50750, "kmfinal": 51057, "kmrodado": 307, "media": "8.54", "idcidade": 3, "idpagamento": 1, "imagemnota": "notas/20240221_134434.jpg"}}, {"model": "viagem.despesas", "pk": 192, "fields": {"idnomeviagem": 3, "data": "2024-02-21", "idtipo": 5, "qnt": "39.43", "valor": "145.50", "nota": 1482290, "kminicial": 51057, "kmfinal": 51379, "kmrodado": 322, "media": "8.17", "idcidade": 4, "idpagamento": 1, "imagemnota": "notas/20240221_134759.jpg"}}, {"model": "viagem.despesas", "pk": 193, "fields": {"idnomeviagem": 3, "data": "2024-02-21", "idtipo": 6, "qnt": "1.00", "valor": "35.00", "nota": 6469, "kminicial": 0, "kmfinal": 0, "kmrodado": 0, "media": "0.00", "idcidade": 1, "idpagamento": 1, "imagemnota": "notas/20240222_073924.jpg"}}, {"model": "viagem.despesas", "pk": 194, "fields": {"idnomeviagem": 3, "data": "2024-02-21", "idtipo": 4, "qnt": "0.00", "valor": "7.00", "nota": 16612, "kminicial": 0, "kmfinal": 0, "kmrodado": 0, "media": "0.00", "idcidade": 4, "idpagamento": 1, "imagemnota": "notas/20240222_074158.jpg"}}, {"model": "viagem.despesas", "pk": 195, "fields": {"idnomeviagem": 3, "data": "2024-02-21", "idtipo": 1, "qnt": "1.00", "valor": "16.50", "nota": 176654, "kminicial": 0, "kmfinal": 0, "kmrodado": 0, "media": "0.00", "idcidade": 3, "idpagamento": 1, "imagemnota": "notas/20240222_074406.jpg"}}, {"model": "viagem.despesas", "pk": 196, "fields": {"idnomeviagem": 3, "data": "2024-02-22", "idtipo": 2, "qnt": "2.00", "valor": "490.00", "nota": 21185, "kminicial": 0, "kmfinal": 0, "kmrodado": 0, "media": "0.00", "idcidade": 3, "idpagamento": 1, "imagemnota": "notas/20240222_075002.jpg"}}, {"model": "viagem.despesas", "pk": 197, "fields": {"idnomeviagem": 3, "data": "2024-02-22", "idtipo": 5, "qnt": "36.01", "valor": "130.00", "nota": 547361, "kminicial": 51379, "kmfinal": 51639, "kmrodado": 260, "media": "7.22", "idcidade": 15, "idpagamento": 1, "imagemnota": "notas/20240222_090935.jpg"}}, {"model": "viagem.despesas", "pk": 198, "fields": {"idnomeviagem": 3, "data": "2024-02-22", "idtipo": 1, "qnt": "1.00", "valor": "69.00", "nota": 114802, "kminicial": 0, "kmfinal": 0, "kmrodado": 0, "media": "0.00", "idcidade": 2, "idpagamento": 1, "imagemnota": "notas/20240222_090935_mk0UkIv.jpg"}}, {"model": "viagem.despesas", "pk": 201, "fields": {"idnomeviagem": 3, "data": "2024-02-22", "idtipo": 4, "qnt": "0.00", "valor": "9.00", "nota": 194641, "kminicial": 0, "kmfinal": 0, "kmrodado": 0, "media": "0.00", "idcidade": 1, "idpagamento": 1, "imagemnota": "notas/20240222_145111.jpg"}}, {"model": "viagem.despesas", "pk": 202, "fields": {"idnomeviagem": 3, "data": "2024-02-22", "idtipo": 5, "qnt": "35.56", "valor": "113.72", "nota": 1184840, "kminicial": 51639, "kmfinal": 51910, "kmrodado": 271, "media": "7.62", "idcidade": 2, "idpagamento": 1, "imagemnota": "notas/20240222_145402.jpg"}}, {"model": "viagem.despesas", "pk": 203, "fields": {"idnomeviagem": 3, "data": "2024-02-23", "idtipo": 5, "qnt": "32.94", "valor": "111.65", "nota": 17949, "kminicial": 51910, "kmfinal": 52142, "kmrodado": 232, "media": "7.04", "idcidade": 5, "idpagamento": 1, "imagemnota": "notas/20240223_092923.jpg"}}, {"model": "viagem.despesas", "pk": 204, "fields": {"idnomeviagem": 3, "data": "2024-02-23", "idtipo": 1, "qnt": "1.00", "valor": "41.00", "nota": 4445, "kminicial": 0, "kmfinal": 0, "kmrodado": 0, "media": "0.00", "idcidade": 1, "idpagamento": 1, "imagemnota": "notas/20240223_115758.jpg"}}, {"model": "viagem.despesas", "pk": 205, "fields": {"idnomeviagem": 3, "data": "2024-02-23", "idtipo": 3, "qnt": "70.00", "valor": "598.10", "nota": 230224, "kminicial": 0, "kmfinal": 0, "kmrodado": 0, "media": "0.00", "idcidade": 1, "idpagamento": 2, "imagemnota": "notas/pedagio_fevereiro_24.pdf"}}, {"model": "viagem.despesas", "pk": 206, "fields": {"idnomeviagem": 3, "data": "2024-02-24", "idtipo": 4, "qnt": "0.00", "valor": "80.00", "nota": 240224, "kminicial": 0, "kmfinal": 0, "kmrodado": 0, "media": "0.00", "idcidade": 1, "idpagamento": 1, "imagemnota": "notas/20240229_081244.jpg"}}, {"model": "viagem.despesas", "pk": 207, "fields": {"idnomeviagem": 4, "data": "2024-02-26", "idtipo": 5, "qnt": "20.95", "valor": "71.01", "nota": 139732, "kminicial": 52142, "kmfinal": 52308, "kmrodado": 166, "media": "7.92", "idcidade": 5, "idpagamento": 1, "imagemnota": "notas/20240229_083559.jpg"}}, {"model": "viagem.despesas", "pk": 208, "fields": {"idnomeviagem": 4, "data": "2024-02-26", "idtipo": 1, "qnt": "1.00", "valor": "8.50", "nota": 195444, "kminicial": 0, "kmfinal": 0, "kmrodado": 0, "media": "0.00", "idcidade": 1, "idpagamento": 1, "imagemnota": "notas/20240229_084119.jpg"}}, {"model": "viagem.despesas", "pk": 209, "fields": {"idnomeviagem": 4, "data": "2024-02-26", "idtipo": 5, "qnt": "30.93", "valor": "95.57", "nota": 104180, "kminicial": 52308, "kmfinal": 52550, "kmrodado": 242, "media": "7.82", "idcidade": 2, "idpagamento": 1, "imagemnota": "notas/20240229_084608.jpg"}}, {"model": "viagem.despesas", "pk": 210, "fields": {"idnomeviagem": 4, "data": "2024-02-26", "idtipo": 5, "qnt": "43.38", "valor": "175.69", "nota": 150827, "kminicial": 52550, "kmfinal": 52861, "kmrodado": 311, "media": "7.17", "idcidade": 20, "idpagamento": 1, "imagemnota": "notas/20240229_094500.jpg"}}, {"model": "viagem.despesas", "pk": 211, "fields": {"idnomeviagem": 4, "data": "2024-02-26", "idtipo": 1, "qnt": "1.00", "valor": "25.00", "nota": 13589, "kminicial": 0, "kmfinal": 0, "kmrodado": 0, "media": "0.00", "idcidade": 1, "idpagamento": 1, "imagemnota": "notas/20240229_095001.jpg"}}, {"model": "viagem.despesas", "pk": 212, "fields": {"idnomeviagem": 4, "data": "2024-02-26", "idtipo": 5, "qnt": "40.69", "valor": "142.02", "nota": 391657, "kminicial": 52861, "kmfinal": 53155, "kmrodado": 294, "media": "7.23", "idcidade": 21, "idpagamento": 1, "imagemnota": "notas/20240229_095758.jpg"}}, {"model": "viagem.despesas", "pk": 213, "fields": {"idnomeviagem": 4, "data": "2024-02-27", "idtipo": 1, "qnt": "1.00", "valor": "27.00", "nota": 339612, "kminicial": 0, "kmfinal": 0, "kmrodado": 0, "media": "0.00", "idcidade": 1, "idpagamento": 1, "imagemnota": "notas/20240229_100120.jpg"}}, {"model": "viagem.despesas", "pk": 214, "fields": {"idnomeviagem": 4, "data": "2024-02-27", "idtipo": 5, "qnt": "34.92", "valor": "217.50", "nota": 269257, "kminicial": 53155, "kmfinal": 53391, "kmrodado": 236, "media": "6.76", "idcidade": 22, "idpagamento": 1, "imagemnota": "notas/20240229_100630.jpg"}}, {"model": "viagem.despesas", "pk": 215, "fields": {"idnomeviagem": 4, "data": "2024-02-27", "idtipo": 5, "qnt": "34.72", "valor": "217.00", "nota": 120316, "kminicial": 53391, "kmfinal": 53715, "kmrodado": 324, "media": "9.33", "idcidade": 23, "idpagamento": 1, "imagemnota": "notas/20240229_103235.jpg"}}, {"model": "viagem.despesas", "pk": 216, "fields": {"idnomeviagem": 4, "data": "2024-02-27", "idtipo": 1, "qnt": "2.00", "valor": "71.00", "nota": 470624, "kminicial": 0, "kmfinal": 0, "kmrodado": 0, "media": "0.00", "idcidade": 1, "idpagamento": 2, "imagemnota": "notas/20240229_103802.jpg"}}, {"model": "viagem.despesas", "pk": 217, "fields": {"idnomeviagem": 4, "data": "2024-02-27", "idtipo": 2, "qnt": "1.00", "valor": "199.00", "nota": 55689, "kminicial": 0, "kmfinal": 0, "kmrodado": 0, "media": "0.00", "idcidade": 1, "idpagamento": 1, "imagemnota": "notas/20240229_104728.jpg"}}, {"model": "viagem.despesas", "pk": 218, "fields": {"idnomeviagem": 4, "data": "2024-02-28", "idtipo": 4, "qnt": "0.00", "valor": "15.00", "nota": 288051, "kminicial": 0, "kmfinal": 0, "kmrodado": 0, "media": "0.00", "idcidade": 1, "idpagamento": 1, "imagemnota": "notas/20240229_105102.jpg"}}, {"model": "viagem.despesas", "pk": 219, "fields": {"idnomeviagem": 4, "data": "2024-02-28", "idtipo": 1, "qnt": "1.00", "valor": "56.40", "nota": 766000, "kminicial": 0, "kmfinal": 0, "kmrodado": 0, "media": "0.00", "idcidade": 1, "idpagamento": 1, "imagemnota": "notas/20240229_105344.jpg"}}, {"model": "viagem.despesas", "pk": 220, "fields": {"idnomeviagem": 4, "data": "2024-02-28", "idtipo": 5, "qnt": "28.53", "valor": "93.88", "nota": 1186753, "kminicial": 53715, "kmfinal": 54006, "kmrodado": 291, "media": "10.20", "idcidade": 2, "idpagamento": 1, "imagemnota": "notas/20240229_105414.jpg"}}, {"model": "viagem.despesas", "pk": 221, "fields": {"idnomeviagem": 4, "data": "2024-02-26", "idtipo": 7, "qnt": "0.00", "valor": "1800.00", "nota": 260224, "kminicial": 0, "kmfinal": 0, "kmrodado": 0, "media": "0.00", "idcidade": 1, "idpagamento": 4, "imagemnota": "notas/Screenshot_20240301_123626_Super_Cartes_1.jpg"}}, {"model": "viagem.despesas", "pk": 222, "fields": {"idnomeviagem": 4, "data": "2024-03-01", "idtipo": 1, "qnt": "1.00", "valor": "41.00", "nota": 944, "kminicial": 0, "kmfinal": 0, "kmrodado": 0, "media": "0.00", "idcidade": 1, "idpagamento": 1, "imagemnota": "notas/20240301_114224.jpg"}}, {"model": "viagem.despesas", "pk": 223, "fields": {"idnomeviagem": 4, "data": "2024-03-01", "idtipo": 5, "qnt": "41.98", "valor": "139.79", "nota": 614616, "kminicial": 54006, "kmfinal": 54333, "kmrodado": 327, "media": "7.79", "idcidade": 24, "idpagamento": 1, "imagemnota": "notas/20240301_123650.jpg"}}, {"model": "viagem.despesas", "pk": 224, "fields": {"idnomeviagem": 4, "data": "2024-03-04", "idtipo": 1, "qnt": "1.00", "valor": "34.00", "nota": 14141, "kminicial": 0, "kmfinal": 0, "kmrodado": 0, "media": "0.00", "idcidade": 11, "idpagamento": 1, "imagemnota": "notas/20240304_123408.jpg"}}, {"model": "viagem.despesas", "pk": 225, "fields": {"idnomeviagem": 4, "data": "2024-03-04", "idtipo": 5, "qnt": "40.51", "valor": "147.05", "nota": 52584, "kminicial": 54333, "kmfinal": 54686, "kmrodado": 353, "media": "8.71", "idcidade": 11, "idpagamento": 1, "imagemnota": "notas/20240304_125825.jpg"}}, {"model": "viagem.despesas", "pk": 226, "fields": {"idnomeviagem": 4, "data": "2024-03-04", "idtipo": 1, "qnt": "1.00", "valor": "36.00", "nota": 779510, "kminicial": 0, "kmfinal": 0, "kmrodado": 0, "media": "0.00", "idcidade": 1, "idpagamento": 1, "imagemnota": "notas/20240304_181258.jpg"}}, {"model": "viagem.despesas", "pk": 227, "fields": {"idnomeviagem": 4, "data": "2024-03-05", "idtipo": 2, "qnt": "1.00", "valor": "244.00", "nota": 51261, "kminicial": 0, "kmfinal": 0, "kmrodado": 0, "media": "0.00", "idcidade": 1, "idpagamento": 1, "imagemnota": "notas/20240305_083710.jpg"}}, {"model": "viagem.despesas", "pk": 228, "fields": {"idnomeviagem": 4, "data": "2024-03-05", "idtipo": 7, "qnt": "0.00", "valor": "1800.00", "nota": 50324, "kminicial": 0, "kmfinal": 0, "kmrodado": 0, "media": "0.00", "idcidade": 1, "idpagamento": 4, "imagemnota": "notas/Screenshot_20240305_085913_Super_Cartes.jpg"}}, {"model": "viagem.despesas", "pk": 229, "fields": {"idnomeviagem": 4, "data": "2024-03-05", "idtipo": 1, "qnt": "1.00", "valor": "34.96", "nota": 55904, "kminicial": 0, "kmfinal": 0, "kmrodado": 0, "media": "0.00", "idcidade": 1, "idpagamento": 1, "imagemnota": "notas/20240305_114252.jpg"}}, {"model": "viagem.despesas", "pk": 230, "fields": {"idnomeviagem": 4, "data": "2024-03-05", "idtipo": 5, "qnt": "34.15", "valor": "122.60", "nota": 274803, "kminicial": 54686, "kmfinal": 54957, "kmrodado": 271, "media": "7.94", "idcidade": 8, "idpagamento": 1, "imagemnota": "notas/20240305_115924.jpg"}}, {"model": "viagem.despesas", "pk": 231, "fields": {"idnomeviagem": 4, "data": "2024-03-06", "idtipo": 5, "qnt": "45.50", "valor": "149.88", "nota": 903925, "kminicial": 54957, "kmfinal": 55277, "kmrodado": 320, "media": "7.03", "idcidade": 12, "idpagamento": 1, "imagemnota": "notas/20240306_160801.jpg"}}, {"model": "viagem.despesas", "pk": 232, "fields": {"idnomeviagem": 4, "data": "2024-03-07", "idtipo": 1, "qnt": "1.00", "valor": "54.44", "nota": 29795, "kminicial": 0, "kmfinal": 0, "kmrodado": 0, "media": "0.00", "idcidade": 7, "idpagamento": 1, "imagemnota": "notas/20240307_121458.jpg"}}, {"model": "viagem.despesas", "pk": 233, "fields": {"idnomeviagem": 4, "data": "2024-03-07", "idtipo": 5, "qnt": "32.54", "valor": "108.36", "nota": 704778, "kminicial": 55277, "kmfinal": 55497, "kmrodado": 220, "media": "6.76", "idcidade": 7, "idpagamento": 1, "imagemnota": "notas/20240307_142122.jpg"}}, {"model": "viagem.despesas", "pk": 234, "fields": {"idnomeviagem": 4, "data": "2024-03-07", "idtipo": 3, "qnt": "32.00", "valor": "267.60", "nota": 70224, "kminicial": 0, "kmfinal": 0, "kmrodado": 0, "media": "0.00", "idcidade": 5, "idpagamento": 2, "imagemnota": "notas/20240311_092016.jpg"}}, {"model": "viagem.despesas", "pk": 235, "fields": {"idnomeviagem": 4, "data": "2024-03-11", "idtipo": 5, "qnt": "33.40", "valor": "110.20", "nota": 907694, "kminicial": 55497, "kmfinal": 55736, "kmrodado": 239, "media": "7.16", "idcidade": 12, "idpagamento": 1, "imagemnota": "notas/20240311_160830.jpg"}}, {"model": "viagem.despesas", "pk": 236, "fields": {"idnomeviagem": 4, "data": "2024-03-12", "idtipo": 1, "qnt": "1.00", "valor": "40.00", "nota": 4484, "kminicial": 0, "kmfinal": 0, "kmrodado": 0, "media": "0.00", "idcidade": 12, "idpagamento": 1, "imagemnota": "notas/20240312_114104.jpg"}}, {"model": "viagem.despesas", "pk": 237, "fields": {"idnomeviagem": 4, "data": "2024-03-12", "idtipo": 5, "qnt": "40.80", "valor": "126.13", "nota": 105961, "kminicial": 55736, "kmfinal": 56049, "kmrodado": 313, "media": "7.67", "idcidade": 2, "idpagamento": 1, "imagemnota": "notas/20240312_141048.jpg"}}, {"model": "viagem.despesas", "pk": 238, "fields": {"idnomeviagem": 4, "data": "2024-03-12", "idtipo": 1, "qnt": "1.00", "valor": "33.00", "nota": 89242, "kminicial": 0, "kmfinal": 0, "kmrodado": 0, "media": "0.00", "idcidade": 4, "idpagamento": 1, "imagemnota": "notas/20240312_170932.jpg"}}, {"model": "viagem.despesas", "pk": 239, "fields": {"idnomeviagem": 4, "data": "2024-03-12", "idtipo": 5, "qnt": "31.35", "valor": "105.02", "nota": 546217, "kminicial": 56049, "kmfinal": 56256, "kmrodado": 207, "media": "6.60", "idcidade": 6, "idpagamento": 1, "imagemnota": "notas/20240312_171451.jpg"}}, {"model": "viagem.despesas", "pk": 240, "fields": {"idnomeviagem": 4, "data": "2024-03-12", "idtipo": 2, "qnt": "1.00", "valor": "158.00", "nota": 529, "kminicial": 0, "kmfinal": 0, "kmrodado": 0, "media": "0.00", "idcidade": 6, "idpagamento": 1, "imagemnota": "notas/Screenshot_20240312_203240_OneDrive.jpg"}}, {"model": "viagem.despesas", "pk": 241, "fields": {"idnomeviagem": 4, "data": "2024-03-12", "idtipo": 7, "qnt": "0.00", "valor": "1800.00", "nota": 120324, "kminicial": 0, "kmfinal": 0, "kmrodado": 0, "media": "0.00", "idcidade": 5, "idpagamento": 4, "imagemnota": "notas/Screenshot_20240312_203952_Super_Cartes.jpg"}}, {"model": "viagem.despesas", "pk": 242, "fields": {"idnomeviagem": 4, "data": "2024-03-13", "idtipo": 1, "qnt": "1.00", "valor": "32.00", "nota": 344158, "kminicial": 0, "kmfinal": 0, "kmrodado": 0, "media": "0.00", "idcidade": 6, "idpagamento": 1, "imagemnota": "notas/20240313_084437.jpg"}}, {"model": "viagem.despesas", "pk": 243, "fields": {"idnomeviagem": 4, "data": "2024-03-13", "idtipo": 5, "qnt": "27.40", "valor": "112.81", "nota": 953017, "kminicial": 56256, "kmfinal": 56466, "kmrodado": 210, "media": "7.66", "idcidade": 6, "idpagamento": 1, "imagemnota": "notas/20240313_084543.jpg"}}, {"model": "viagem.despesas", "pk": 244, "fields": {"idnomeviagem": 4, "data": "2024-03-13", "idtipo": 1, "qnt": "1.00", "valor": "71.82", "nota": 48301, "kminicial": 0, "kmfinal": 0, "kmrodado": 0, "media": "0.00", "idcidade": 4, "idpagamento": 1, "imagemnota": "notas/20240313_122440.jpg"}}, {"model": "viagem.despesas", "pk": 245, "fields": {"idnomeviagem": 4, "data": "2024-03-13", "idtipo": 4, "qnt": "0.00", "valor": "8.00", "nota": 25845799, "kminicial": 0, "kmfinal": 0, "kmrodado": 0, "media": "0.00", "idcidade": 4, "idpagamento": 1, "imagemnota": "notas/20240313_122425.jpg"}}, {"model": "viagem.despesas", "pk": 246, "fields": {"idnomeviagem": 4, "data": "2024-03-13", "idtipo": 5, "qnt": "35.56", "valor": "123.39", "nota": 1258988, "kminicial": 56466, "kmfinal": 56702, "kmrodado": 236, "media": "6.64", "idcidade": 4, "idpagamento": 1, "imagemnota": "notas/20240313_134513.jpg"}}]